label,area,centroid-0,centroid-1,seg_label,morphology,row_number,column_number,right_to_left
7,361.0,1351.0470914127425,1637.7063711911358,7,intact,1,1,-37
8,279.0,1352.3010752688172,1691.1397849462367,8,intact,1,2,-36
9,350.0,1353.4742857142858,1744.16,9,intact,1,3,-35
11,471.0,1354.4692144373673,1804.343949044586,11,intact,1,4,-34
12,313.0,1355.4376996805113,1859.2012779552715,12,intact,1,5,-33
13,354.0,1356.2966101694915,1912.276836158192,13,intact,1,6,-32
14,379.0,1356.9129287598944,1975.0606860158312,14,intact,1,7,-31
15,377.0,1358.3023872679046,2023.917771883289,15,intact,1,8,-30
20,410.0,1358.4926829268293,2086.858536585366,20,intact,1,9,-29
23,348.0,1360.551724137931,2140.902298850575,23,intact,1,10,-28
16,410.0,1357.7682926829268,2197.8536585365855,16,intact,1,11,-27
17,374.0,1357.3368983957218,2257.0213903743315,17,intact,1,12,-26
18,376.0,1358.6755319148936,2311.821808510638,18,intact,1,13,-25
25,392.0,1361.0765306122448,2363.3571428571427,25,intact,1,14,-24
21,338.0,1360.0650887573966,2426.6360946745563,21,intact,1,15,-23
19,325.0,1359.7446153846154,2478.849230769231,19,intact,1,16,-22
22,494.0,1360.9534412955466,2540.589068825911,22,intact,1,17,-21
26,335.0,1364.6388059701492,2596.089552238806,26,intact,1,18,-20
24,396.0,1363.628787878788,2651.9141414141413,24,intact,1,19,-19
27,417.0,1365.0791366906474,2710.6498800959234,27,intact,1,20,-18
28,385.0,1364.8883116883117,2768.9220779220777,28,intact,1,21,-17
29,335.0,1366.841791044776,2820.8298507462687,29,intact,1,22,-16
30,353.0,1364.7762039660056,2883.781869688385,30,intact,1,23,-15
32,297.0,1366.3535353535353,2932.7979797979797,32,intact,1,24,-14
33,435.0,1366.3609195402298,2993.7540229885058,33,intact,1,25,-13
31,389.0,1364.4087403598971,3052.159383033419,31,intact,1,26,-12
34,400.0,1367.24,3107.9975,34,intact,1,27,-11
35,358.0,1367.63687150838,3164.6256983240223,35,intact,1,28,-10
37,331.0,1370.9003021148037,3221.3957703927495,37,intact,1,29,-9
38,398.0,1372.0452261306532,3272.221105527638,38,intact,1,30,-8
36,440.0,1371.4681818181818,3335.2431818181817,36,intact,1,31,-7
39,323.0,1371.5201238390093,3386.495356037152,39,intact,1,32,-6
40,412.0,1372.4393203883494,3444.0461165048546,40,intact,1,33,-5
42,373.0,1374.6166219839142,3498.3404825737266,42,intact,1,34,-4
41,345.0,1372.3217391304347,3554.4463768115943,41,intact,1,35,-3
43,352.0,1374.3494318181818,3611.465909090909,43,intact,1,36,-2
44,411.0,1374.1143552311435,3668.2603406326034,44,intact,1,37,-1
53,486.0,1407.7798353909466,1652.2181069958847,53,intact,2,1,-37
50,374.0,1408.885026737968,1703.5213903743315,50,intact,2,2,-36
54,290.0,1409.344827586207,1760.9586206896552,54,intact,2,3,-35
61,524.0,1410.820610687023,1817.1965648854962,61,intact,2,4,-34
47,485.0,1408.7896907216495,1875.3525773195877,47,intact,2,5,-33
59,478.0,1411.8953974895398,1925.3451882845188,59,intact,2,6,-32
55,425.0,1410.2494117647059,1995.1905882352942,55,intact,2,7,-31
57,433.0,1411.972286374134,2034.05311778291,57,intact,2,8,-30
56,465.0,1410.6064516129031,2105.701075268817,56,intact,2,9,-29
60,386.0,1413.417098445596,2153.4041450777204,60,intact,2,10,-28
62,500.0,1411.92,2214.636,62,intact,2,11,-27
58,575.0,1413.0817391304347,2274.0504347826086,58,intact,2,12,-26
63,450.0,1413.888888888889,2323.2466666666664,63,intact,2,13,-25
64,628.0,1414.78025477707,2379.9474522292994,64,intact,2,14,-24
66,579.0,1414.7944732297065,2446.4214162348876,66,intact,2,15,-23
65,386.0,1414.9922279792745,2491.686528497409,65,intact,2,16,-22
67,570.0,1417.3947368421052,2560.733333333333,67,intact,2,17,-21
70,456.0,1419.4342105263158,2609.4122807017543,70,intact,2,18,-20
68,525.0,1419.0228571428572,2668.3752380952383,68,intact,2,19,-19
74,541.0,1420.7652495378927,2725.9574861367837,74,intact,2,20,-18
69,409.0,1419.877750611247,2784.8288508557457,69,intact,2,21,-17
71,405.0,1420.437037037037,2833.866666666667,71,intact,2,22,-16
72,391.0,1420.5780051150896,2899.936061381074,72,intact,2,23,-15
73,439.0,1422.362186788155,2946.239179954442,73,intact,2,24,-14
75,562.0,1421.4928825622776,3014.135231316726,75,intact,2,25,-13
76,390.0,1422.9538461538461,3064.174358974359,76,intact,2,26,-12
81,510.0,1423.4235294117648,3124.9470588235295,81,intact,2,27,-11
84,523.0,1424.3900573613766,3180.2313575525814,84,intact,2,28,-10
78,457.0,1423.9474835886215,3240.665207877462,78,intact,2,29,-9
79,597.0,1425.4556113902847,3290.5561139028478,79,intact,2,30,-8
77,525.0,1423.9733333333334,3354.2342857142858,77,intact,2,31,-7
82,465.0,1425.156989247312,3403.372043010753,82,intact,2,32,-6
85,481.0,1425.7068607068607,3459.008316008316,85,intact,2,33,-5
80,487.0,1425.447638603696,3509.6796714579054,80,intact,2,34,-4
83,410.0,1425.939024390244,3566.7146341463413,83,intact,2,35,-3
86,470.0,1426.840425531915,3618.810638297872,86,intact,2,36,-2
87,360.0,1426.3861111111112,3670.891666666667,87,intact,2,37,-1
96,489.0,1466.435582822086,1655.7546012269938,96,intact,3,1,-37
98,406.0,1467.5541871921182,1702.7118226600985,98,intact,3,2,-36
97,436.0,1466.9311926605506,1759.3211009174313,97,intact,3,3,-35
92,717.0,1467.4435146443514,1819.8284518828452,92,intact,3,4,-34
90,475.0,1467.2905263157895,1871.9789473684211,90,intact,3,5,-33
100,552.0,1469.1485507246377,1927.4746376811595,100,intact,3,6,-32
93,438.0,1466.7328767123288,1989.324200913242,93,intact,3,7,-31
103,374.0,1470.8208556149732,2034.0267379679144,103,intact,3,8,-30
101,522.0,1469.2701149425288,2108.1494252873563,101,intact,3,9,-29
104,340.0,1471.4911764705882,2152.8676470588234,104,intact,3,10,-28
99,410.0,1470.1658536585367,2213.8756097560977,99,intact,3,11,-27
102,381.0,1471.3517060367453,2273.254593175853,102,intact,3,12,-26
105,458.0,1472.3973799126638,2324.4039301310045,105,intact,3,13,-25
106,451.0,1474.050997782705,2378.960088691796,106,intact,3,14,-24
108,509.0,1473.4813359528487,2449.2593320235756,108,intact,3,15,-23
107,318.0,1473.9559748427673,2492.490566037736,107,intact,3,16,-22
109,410.0,1474.6926829268293,2559.651219512195,109,intact,3,17,-21
110,534.0,1479.061797752809,2609.932584269663,110,intact,3,18,-20
117,622.0,1479.3006430868168,2672.1430868167204,117,intact,3,19,-19
111,410.0,1480.7024390243903,2723.268292682927,111,intact,3,20,-18
114,464.0,1478.2780172413793,2786.5538793103447,114,intact,3,21,-17
112,467.0,1480.9914346895075,2836.1092077087796,112,intact,3,22,-16
120,589.0,1481.9405772495757,2902.5874363327675,120,intact,3,23,-15
118,353.0,1481.7818696883853,2948.5495750708214,118,intact,3,24,-14
119,539.0,1481.2504638218925,3017.1410018552874,119,intact,3,25,-13
115,328.0,1482.246951219512,3064.9146341463415,115,intact,3,26,-12
116,497.0,1481.4185110663984,3126.2897384305834,116,intact,3,27,-11
122,430.0,1483.9232558139536,3181.1627906976746,122,intact,3,28,-10
113,442.0,1481.9570135746606,3238.214932126697,113,intact,3,29,-9
126,587.0,1486.488926746167,3292.453151618399,126,intact,3,30,-8
121,588.0,1483.9676870748299,3356.862244897959,121,intact,3,31,-7
125,307.0,1485.9804560260586,3403.3322475570035,125,intact,3,32,-6
123,485.0,1484.4927835051546,3462.760824742268,123,intact,3,33,-5
128,432.0,1487.4328703703704,3511.5185185185187,128,intact,3,34,-4
124,435.0,1485.1264367816093,3567.383908045977,124,intact,3,35,-3
129,416.0,1487.173076923077,3620.591346153846,129,intact,3,36,-2
127,357.0,1485.7759103641456,3673.0196078431372,127,intact,3,37,-1
136,299.0,1522.3745819397993,1653.056856187291,136,intact,4,1,-37
137,290.0,1523.6137931034482,1700.1310344827587,137,intact,4,2,-36
139,438.0,1523.5228310502282,1762.0228310502282,139,intact,4,3,-35
141,662.0,1525.2069486404835,1818.299093655589,141,intact,4,4,-34
138,585.0,1524.246153846154,1870.1521367521368,138,intact,4,5,-33
143,535.0,1525.7682242990654,1927.6747663551403,143,intact,4,6,-32
140,390.0,1524.7153846153847,1986.3307692307692,140,intact,4,7,-31
144,345.0,1526.8115942028985,2032.3478260869565,144,intact,4,8,-30
142,632.0,1525.8496835443038,2109.981012658228,142,intact,4,9,-29
145,290.0,1528.1689655172413,2150.61724137931,145,intact,4,10,-28
147,414.0,1527.6739130434783,2215.8888888888887,147,intact,4,11,-27
148,475.0,1528.1305263157894,2270.981052631579,148,intact,4,12,-26
149,428.0,1528.266355140187,2325.836448598131,149,intact,4,13,-25
153,500.0,1529.336,2379.95,153,intact,4,14,-24
146,568.0,1527.5897887323943,2448.6197183098593,146,intact,4,15,-23
152,291.0,1530.1649484536083,2491.168384879725,152,intact,4,16,-22
150,516.0,1528.7228682170542,2561.2887596899227,150,intact,4,17,-21
151,432.0,1531.5439814814815,2611.7800925925926,151,intact,4,18,-20
155,433.0,1531.0046189376444,2667.0877598152424,155,intact,4,19,-19
158,348.0,1533.301724137931,2719.8275862068967,158,intact,4,20,-18
156,423.0,1532.7706855791962,2785.6855791962175,156,intact,4,21,-17
159,378.0,1534.2486772486773,2831.6190476190477,159,intact,4,22,-16
160,438.0,1533.958904109589,2901.3972602739727,160,intact,4,23,-15
161,333.0,1535.5195195195195,2948.135135135135,161,intact,4,24,-14
154,582.0,1534.1529209621992,3019.4725085910654,154,intact,4,25,-13
162,323.0,1535.8328173374614,3065.4303405572755,162,intact,4,26,-12
157,577.0,1534.5597920277296,3129.100519930676,157,intact,4,27,-11
164,395.0,1537.5848101265822,3183.688607594937,164,intact,4,28,-10
163,481.0,1537.4324324324325,3243.738045738046,163,intact,4,29,-9
170,447.0,1538.5794183445191,3294.2058165548096,170,intact,4,30,-8
166,631.0,1538.7591125198098,3358.958795562599,166,intact,4,31,-7
167,315.0,1540.247619047619,3401.6031746031745,167,intact,4,32,-6
168,503.0,1540.2942345924453,3462.8290258449306,168,intact,4,33,-5
169,444.0,1540.6576576576576,3513.7972972972975,169,intact,4,34,-4
165,522.0,1539.8275862068965,3570.030651340996,165,intact,4,35,-3
171,432.0,1542.0347222222222,3618.0486111111113,171,intact,4,36,-2
172,365.0,1542.7397260273972,3670.695890410959,172,intact,4,37,-1
176,478.0,1580.2824267782428,1653.4225941422594,176,intact,5,1,-37
177,356.0,1581.6488764044943,1699.5337078651685,177,intact,5,2,-36
179,470.0,1582.2553191489362,1763.8127659574468,179,intact,5,3,-35
191,594.0,1582.9882154882155,1817.0791245791245,191,intact,5,4,-34
178,490.0,1582.0326530612244,1870.2571428571428,178,intact,5,5,-33
180,604.0,1583.1920529801325,1924.2334437086092,180,intact,5,6,-32
185,427.0,1583.7166276346604,1988.5737704918033,185,intact,5,7,-31
181,375.0,1584.9493333333332,2035.2373333333333,181,intact,5,8,-30
182,613.0,1583.2463295269167,2108.31484502447,182,intact,5,9,-29
186,286.0,1584.8181818181818,2155.0,186,intact,5,10,-28
188,547.0,1585.6654478976234,2218.4058500914075,188,intact,5,11,-27
187,252.0,1585.4126984126983,2273.4920634920636,187,intact,5,12,-26
189,554.0,1586.2472924187725,2328.7725631768953,189,intact,5,13,-25
192,527.0,1587.0246679316888,2376.4421252371917,192,intact,5,14,-24
183,509.0,1584.8624754420432,2446.50884086444,183,intact,5,15,-23
190,290.0,1585.855172413793,2490.713793103448,190,intact,5,16,-22
193,438.0,1586.7762557077626,2555.7785388127854,193,intact,5,17,-21
194,402.0,1590.9875621890546,2610.07960199005,194,intact,5,18,-20
197,508.0,1592.6574803149606,2670.6889763779527,197,intact,5,19,-19
195,506.0,1592.7272727272727,2725.308300395257,195,intact,5,20,-18
196,471.0,1592.244161358811,2787.4225053078558,196,intact,5,21,-17
199,392.0,1595.0,2831.752551020408,199,intact,5,22,-16
200,443.0,1593.8668171557563,2904.7516930022575,200,intact,5,23,-15
201,315.0,1596.1460317460317,2952.4349206349207,201,intact,5,24,-14
198,625.0,1595.5104,3022.8064,198,intact,5,25,-13
203,279.0,1598.68458781362,3072.6451612903224,203,intact,5,26,-12
202,579.0,1597.0690846286702,3135.623488773748,202,intact,5,27,-11
212,348.0,1600.0114942528735,3185.2557471264367,212,intact,5,28,-10
204,496.0,1598.850806451613,3241.375,204,intact,5,29,-9
205,350.0,1598.8514285714286,3296.174285714286,205,intact,5,30,-8
207,560.0,1599.525,3363.230357142857,207,intact,5,31,-7
208,326.0,1598.9907975460123,3405.782208588957,208,intact,5,32,-6
210,570.0,1600.8877192982457,3460.9350877192983,210,intact,5,33,-5
209,497.0,1601.1106639839034,3514.635814889336,209,intact,5,34,-4
206,515.0,1599.3514563106796,3567.9339805825243,206,intact,5,35,-3
211,439.0,1600.993166287016,3620.7995444191342,211,intact,5,36,-2
213,404.0,1600.1336633663366,3671.4678217821784,213,intact,5,37,-1
221,531.0,1634.7137476459511,1658.8154425612054,221,intact,6,1,-37
222,328.0,1636.0365853658536,1695.0884146341464,222,intact,6,2,-36
227,482.0,1636.5663900414938,1763.6721991701245,227,intact,6,3,-35
218,549.0,1636.8469945355191,1817.2367941712205,218,intact,6,4,-34
219,381.0,1636.6692913385828,1869.1443569553805,219,intact,6,5,-33
226,395.0,1636.9620253164558,1924.6556962025315,226,intact,6,6,-32
223,416.0,1637.6490384615386,1983.4326923076924,223,intact,6,7,-31
220,360.0,1637.6,2034.0777777777778,220,intact,6,8,-30
224,599.0,1637.9732888146912,2108.874791318865,224,intact,6,9,-29
230,267.0,1641.2397003745318,2155.2696629213483,230,intact,6,10,-28
225,524.0,1638.2156488549617,2216.0687022900765,225,intact,6,11,-27
228,455.0,1640.5406593406594,2267.5868131868133,228,intact,6,12,-26
229,521.0,1640.0479846449136,2327.3608445297505,229,intact,6,13,-25
231,456.0,1642.0087719298247,2379.2434210526317,231,intact,6,14,-24
232,537.0,1641.63687150838,2450.8472998137804,232,intact,6,15,-23
234,275.0,1644.0,2491.8545454545456,234,intact,6,16,-22
235,457.0,1644.6323851203501,2559.205689277899,235,intact,6,17,-21
233,419.0,1644.2338902147972,2609.4964200477325,233,intact,6,18,-20
236,530.0,1646.0849056603774,2668.877358490566,236,intact,6,19,-19
239,544.0,1646.0698529411766,2724.998161764706,239,intact,6,20,-18
237,477.0,1645.545073375262,2785.8993710691825,237,intact,6,21,-17
238,345.0,1646.895652173913,2834.3565217391306,238,intact,6,22,-16
247,408.0,1648.674019607843,2898.7622549019607,247,intact,6,23,-15
240,358.0,1650.145251396648,2949.594972067039,240,intact,6,24,-14
244,524.0,1647.3702290076335,3022.374045801527,244,intact,6,25,-13
241,382.0,1649.5575916230366,3075.329842931937,241,intact,6,26,-12
245,494.0,1648.661943319838,3131.728744939271,245,intact,6,27,-11
242,323.0,1649.1114551083592,3186.7770897832816,242,intact,6,28,-10
248,523.0,1650.4225621414914,3247.036328871893,248,intact,6,29,-9
251,328.0,1653.9725609756097,3295.0914634146343,251,intact,6,30,-8
243,752.0,1650.1436170212767,3363.88164893617,243,intact,6,31,-7
249,409.0,1651.5941320293398,3406.8166259168706,249,intact,6,32,-6
252,543.0,1652.1878453038673,3465.1436464088397,252,intact,6,33,-5
250,453.0,1652.0883002207506,3513.5474613686533,250,intact,6,34,-4
246,474.0,1651.259493670886,3568.73417721519,246,intact,6,35,-3
253,461.0,1653.006507592191,3618.24295010846,253,intact,6,36,-2
254,390.0,1651.8333333333333,3672.641025641026,254,intact,6,37,-1
257,447.0,1693.7941834451901,1655.65548098434,257,intact,7,1,-37
259,403.0,1697.2034739454095,1699.228287841191,259,intact,7,2,-36
260,491.0,1696.6700610997964,1761.661914460285,260,intact,7,3,-35
262,369.0,1699.0271002710026,1810.6558265582655,262,intact,7,4,-34
261,521.0,1697.6468330134358,1871.2072936660268,261,intact,7,5,-33
266,427.0,1699.4707259953161,1923.7377049180327,266,intact,7,6,-32
263,516.0,1699.0174418604652,1989.5038759689924,263,intact,7,7,-31
267,320.0,1700.584375,2035.021875,267,intact,7,8,-30
264,497.0,1699.5694164989939,2110.0482897384304,264,intact,7,9,-29
265,339.0,1699.401179941003,2158.607669616519,265,intact,7,10,-28
268,533.0,1699.8405253283302,2218.529080675422,268,intact,7,11,-27
269,291.0,1701.4398625429553,2266.6701030927834,269,intact,7,12,-26
271,467.0,1701.4282655246252,2329.385438972163,271,intact,7,13,-25
270,389.0,1702.7866323907456,2374.778920308483,270,intact,7,14,-24
272,473.0,1703.063424947146,2450.228329809725,272,intact,7,15,-23
273,272.0,1703.8786764705883,2492.143382352941,273,intact,7,16,-22
274,531.0,1703.7024482109227,2560.9623352165727,274,intact,7,17,-21
280,333.0,1707.984984984985,2607.0810810810813,280,intact,7,18,-20
277,488.0,1708.6434426229507,2668.782786885246,277,intact,7,19,-19
278,478.0,1709.6087866108787,2724.276150627615,278,intact,7,20,-18
281,447.0,1709.03355704698,2781.7225950783,281,intact,7,21,-17
275,417.0,1710.7194244604316,2831.800959232614,275,intact,7,22,-16
282,542.0,1710.7675276752768,2902.0461254612546,282,intact,7,23,-15
279,281.0,1710.594306049822,2949.4270462633453,279,intact,7,24,-14
276,298.0,1709.1208053691275,3013.3389261744965,276,spoilt,7,28,-14
276,516.0,1710.9227880056646,3025.1671695092664,276_284,combined,7,25,-13
284,218.0,1712.7247706422017,3036.9954128440368,284,spoilt,7,29,-13
283,218.0,1711.4770642201836,3073.302752293578,283,intact,7,26,-12
285,566.0,1712.4257950530036,3129.558303886926,285,intact,7,27,-11
286,394.0,1713.4162436548224,3183.2741116751267,286,intact,7,28,-10
287,518.0,1714.4401544401544,3247.803088803089,287,intact,7,29,-9
288,312.0,1713.5801282051282,3299.641025641026,288,intact,7,30,-8
289,566.0,1714.8233215547702,3364.2932862190814,289,intact,7,31,-7
291,338.0,1716.9556213017752,3404.665680473373,291,intact,7,32,-6
290,504.0,1717.142857142857,3465.3531746031745,290,intact,7,33,-5
292,545.0,1716.8788990825688,3514.4587155963304,292,intact,7,34,-4
294,450.0,1716.8155555555556,3570.0355555555557,294,intact,7,35,-3
293,461.0,1716.6746203904556,3619.4967462039044,293,intact,7,36,-2
295,342.0,1717.9795321637428,3670.93567251462,295,intact,7,37,-1
299,497.0,1748.4285714285713,1653.3058350100603,299,intact,8,1,-37
302,329.0,1750.6534954407296,1696.1063829787233,302,intact,8,2,-36
305,578.0,1750.2560553633218,1764.8044982698962,305,intact,8,3,-35
304,482.0,1751.948132780083,1814.746887966805,304,intact,8,4,-34
303,417.0,1750.4700239808153,1870.8249400479617,303,intact,8,5,-33
312,427.0,1752.5152224824355,1921.3466042154566,312,intact,8,6,-32
306,522.0,1753.4252873563219,1989.2835249042146,306,intact,8,7,-31
307,293.0,1754.2320819112629,2035.5494880546075,307,intact,8,8,-30
313,667.0,1753.6176911544228,2108.2278860569713,313,intact,8,9,-29
318,270.0,1756.7,2154.366666666667,318,intact,8,10,-28
300,523.0,1752.7609942638624,2217.940726577438,300,intact,8,11,-27
308,321.0,1754.9532710280373,2267.1619937694704,308,intact,8,12,-26
314,466.0,1755.3133047210301,2326.6587982832616,314,intact,8,13,-25
309,531.0,1755.135593220339,2375.693032015066,309,intact,8,14,-24
310,598.0,1754.8645484949832,2450.789297658863,310,intact,8,15,-23
315,231.0,1756.030303030303,2491.095238095238,315,intact,8,16,-22
316,572.0,1756.4597902097903,2559.4335664335663,316,intact,8,17,-21
311,391.0,1755.703324808184,2608.5907928388747,311,intact,8,18,-20
319,569.0,1757.5342706502636,2670.518453427065,319,intact,8,19,-19
320,485.0,1759.6329896907216,2724.8948453608245,320,intact,8,20,-18
317,532.0,1759.5808270676691,2784.9849624060153,317,intact,8,21,-17
323,428.0,1760.8785046728972,2834.0280373831774,323,intact,8,22,-16
322,519.0,1760.7398843930637,2899.2736030828514,322,intact,8,23,-15
325,282.0,1762.7978723404256,2951.1560283687945,325,intact,8,24,-14
321,504.0,1760.3333333333333,3017.2559523809523,321,intact,8,25,-13
327,322.0,1763.4068322981366,3076.894409937888,327,intact,8,26,-12
324,677.0,1762.4963072378139,3129.314623338257,324,intact,8,27,-11
326,413.0,1762.7893462469733,3184.9685230024215,326,intact,8,28,-10
329,575.0,1764.7704347826086,3245.593043478261,329,intact,8,29,-9
328,321.0,1765.4797507788162,3298.152647975078,328,intact,8,30,-8
332,560.0,1765.0553571428572,3359.2571428571428,332,intact,8,31,-7
330,362.0,1767.2154696132598,3403.770718232044,330,intact,8,32,-6
333,683.0,1764.9062957540264,3466.05710102489,333,intact,8,33,-5
331,422.0,1765.2630331753555,3515.0308056872036,331,intact,8,34,-4
334,411.0,1766.6350364963503,3566.875912408759,334,intact,8,35,-3
336,454.0,1768.2202643171806,3617.7885462555064,336,intact,8,36,-2
335,417.0,1767.609112709832,3671.0791366906474,335,intact,8,37,-1
338,512.0,1805.90625,1655.2421875,338,intact,9,1,-37
343,413.0,1810.0653753026634,1693.544794188862,343,intact,9,2,-36
347,674.0,1809.7581602373887,1765.3961424332344,347,intact,9,3,-35
344,466.0,1811.2982832618027,1810.6115879828326,344,intact,9,4,-34
350,473.0,1811.0211416490486,1869.7801268498943,350,intact,9,5,-33
348,361.0,1811.8614958448754,1920.8337950138505,348,intact,9,6,-32
345,579.0,1811.245250431779,1986.915371329879,345,intact,9,7,-31
346,344.0,1811.4970930232557,2033.7790697674418,346,intact,9,8,-30
351,661.0,1812.4130105900151,2108.231467473525,351,intact,9,9,-29
352,286.0,1812.9055944055945,2157.041958041958,352,intact,9,10,-28
355,516.0,1813.6298449612402,2212.6065891472867,355,intact,9,11,-27
349,390.0,1813.5179487179487,2265.597435897436,349,intact,9,12,-26
353,536.0,1814.0541044776119,2325.3619402985073,353,intact,9,13,-25
356,436.0,1815.2270642201836,2375.2247706422017,356,intact,9,14,-24
357,583.0,1814.5214408233276,2447.222984562607,357,intact,9,15,-23
354,263.0,1814.5171102661598,2492.1787072243346,354,intact,9,16,-22
358,595.0,1816.2857142857142,2554.529411764706,358,intact,9,17,-21
359,413.0,1818.496368038741,2608.878934624697,359,intact,9,18,-20
360,671.0,1819.9627421758569,2669.160953800298,360,intact,9,19,-19
361,468.0,1820.5128205128206,2723.0235042735044,361,intact,9,20,-18
362,475.0,1819.9705263157896,2783.271578947368,362,intact,9,21,-17
365,471.0,1821.6263269639066,2832.8492569002124,365,intact,9,22,-16
367,620.0,1822.8387096774193,2901.7145161290323,367,intact,9,23,-15
366,310.0,1820.983870967742,2952.4548387096775,366,intact,9,24,-14
370,439.0,1824.2232346241458,3010.9658314350795,370,spoilt,9,30,-14
370,648.0,1822.1570718575274,3025.444638205578,370_363,combined,9,25,-13
363,209.0,1820.090909090909,3039.9234449760766,363,spoilt,9,31,-13
368,311.0,1824.2218649517686,3081.234726688103,368,intact,9,26,-12
371,522.0,1824.9980842911878,3124.4233716475096,371,intact,9,27,-11
364,440.0,1824.3613636363636,3186.052272727273,364,intact,9,28,-10
369,551.0,1825.410163339383,3245.693284936479,369,intact,9,29,-9
372,405.0,1826.6814814814816,3298.520987654321,372,intact,9,30,-8
373,570.0,1826.1,3361.3245614035086,373,intact,9,31,-7
377,269.0,1828.4572490706319,3407.171003717472,377,intact,9,32,-6
375,573.0,1826.369982547993,3464.2931937172775,375,intact,9,33,-5
378,486.0,1827.812757201646,3513.067901234568,378,intact,9,34,-4
376,449.0,1827.904231625835,3566.930957683742,376,intact,9,35,-3
374,485.0,1827.9525773195876,3617.7958762886597,374,intact,9,36,-2
379,360.0,1828.35,3670.7305555555554,379,intact,9,37,-1
385,575.0,1862.5634782608695,1653.7095652173914,385,intact,10,1,-37
381,365.0,1863.7369863013698,1696.8986301369864,381,intact,10,2,-36
389,543.0,1863.5561694290975,1760.705340699816,389,intact,10,3,-35
386,493.0,1865.8782961460447,1813.578093306288,386,intact,10,4,-34
387,368.0,1863.9565217391305,1865.0570652173913,387,intact,10,5,-33
390,334.0,1865.2574850299402,1915.3383233532934,390,intact,10,6,-32
391,508.0,1865.2303149606298,1984.8661417322835,391,intact,10,7,-31
392,370.0,1866.2648648648649,2032.427027027027,392,intact,10,8,-30
393,581.0,1867.0068846815834,2106.077452667814,393,intact,10,9,-29
395,335.0,1869.4746268656716,2157.8985074626867,395,intact,10,10,-28
394,633.0,1867.605055292259,2211.5434439178516,394,intact,10,11,-27
397,362.0,1869.0690607734807,2265.966850828729,397,intact,10,12,-26
396,507.0,1869.629191321499,2326.769230769231,396,intact,10,13,-25
398,377.0,1870.342175066313,2374.7002652519895,398,intact,10,14,-24
399,643.0,1870.51166407465,2448.9797822706064,399,intact,10,15,-23
400,277.0,1871.2960288808665,2490.1119133574007,400,intact,10,16,-22
401,551.0,1872.7695099818511,2560.196007259528,401,intact,10,17,-21
402,401.0,1873.6483790523691,2606.189526184539,402,intact,10,18,-20
404,611.0,1873.4877250409165,2669.50736497545,404,intact,10,19,-19
403,460.0,1874.371739130435,2723.6326086956524,403,intact,10,20,-18
405,330.0,1874.0030303030303,2777.133333333333,405,intact,10,21,-17
406,383.0,1875.1958224543082,2831.4960835509137,406,intact,10,22,-16
407,665.0,1875.2496240601504,2905.1097744360904,407,intact,10,23,-15
415,355.0,1878.9014084507041,2952.256338028169,415,intact,10,24,-14
409,629.0,1874.9046104928457,3016.8966613672496,409,intact,10,25,-13
410,278.0,1877.3741007194244,3080.478417266187,410,intact,10,26,-12
412,469.0,1877.5565031982942,3128.279317697228,412,intact,10,27,-11
408,373.0,1878.1742627345845,3186.040214477212,408,intact,10,28,-10
413,498.0,1879.0943775100402,3245.1947791164657,413,intact,10,29,-9
418,320.0,1879.159375,3298.375,418,intact,10,30,-8
414,524.0,1878.1393129770993,3357.2843511450383,414,intact,10,31,-7
416,331.0,1878.9214501510573,3406.9728096676736,416,intact,10,32,-6
419,511.0,1880.7514677103718,3462.5557729941293,419,intact,10,33,-5
411,482.0,1879.0829875518673,3511.3817427385893,411,intact,10,34,-4
417,511.0,1880.2348336594912,3567.495107632094,417,intact,10,35,-3
420,471.0,1881.904458598726,3618.1740976645438,420,intact,10,36,-2
421,322.0,1881.9316770186335,3671.9751552795033,421,intact,10,37,-1
422,485.0,1919.2082474226804,1656.4556701030929,422,intact,11,1,-37
427,358.0,1920.8128491620112,1695.282122905028,427,intact,11,2,-36
430,543.0,1921.5101289134439,1761.4843462246777,430,intact,11,3,-35
431,407.0,1923.2899262899264,1811.6683046683047,431,intact,11,4,-34
429,473.0,1922.076109936575,1868.6638477801268,429,intact,11,5,-33
433,447.0,1924.2281879194632,1918.6442953020135,433,intact,11,6,-32
432,397.0,1924.0377833753148,1990.4962216624685,432,intact,11,7,-31
436,246.0,1926.0325203252032,2035.7439024390244,436,intact,11,8,-30
434,534.0,1924.9550561797753,2103.318352059925,434,intact,11,9,-29
437,303.0,1927.2013201320133,2155.191419141914,437,intact,11,10,-28
435,516.0,1925.2674418604652,2215.7868217054265,435,intact,11,11,-27
438,359.0,1926.8356545961003,2267.924791086351,438,intact,11,12,-26
440,500.0,1928.042,2326.87,440,intact,11,13,-25
441,403.0,1928.0173697270473,2375.4962779156326,441,intact,11,14,-24
443,543.0,1927.5340699815838,2446.513812154696,443,intact,11,15,-23
439,307.0,1928.4169381107492,2492.6254071661238,439,intact,11,16,-22
442,569.0,1929.0386643233744,2561.5448154657292,442,intact,11,17,-21
445,296.0,1932.668918918919,2605.9763513513512,445,intact,11,18,-20
444,401.0,1932.4114713216957,2669.4912718204487,444,intact,11,19,-19
449,457.0,1934.8796498905908,2723.2560175054705,449,intact,11,20,-18
446,430.0,1933.8767441860466,2780.609302325581,446,intact,11,21,-17
450,422.0,1935.367298578199,2831.781990521327,450,intact,11,22,-16
447,617.0,1934.834683954619,2900.0226904376013,447,intact,11,23,-15
451,286.0,1935.3391608391607,2954.146853146853,451,intact,11,24,-14
448,192.0,1933.2083333333333,3004.6822916666665,448,spoilt,11,30,-14
448,519.0,1935.726490825688,3016.107200879205,448_455,combined,11,25,-13
455,327.0,1938.244648318043,3027.532110091743,455,spoilt,11,31,-13
453,273.0,1936.7069597069597,3081.5054945054944,453,intact,11,26,-12
452,547.0,1936.6252285191956,3126.9542961608777,452,intact,11,27,-11
454,572.0,1937.506993006993,3184.375874125874,454,intact,11,28,-10
456,424.0,1938.2099056603774,3244.830188679245,456,intact,11,29,-9
457,308.0,1938.6883116883116,3298.2824675324673,457,intact,11,30,-8
459,532.0,1939.6484962406016,3357.6785714285716,459,intact,11,31,-7
458,248.0,1939.399193548387,3405.8629032258063,458,intact,11,32,-6
462,438.0,1940.7123287671234,3465.7899543378994,462,intact,11,33,-5
463,416.0,1940.6009615384614,3513.920673076923,463,intact,11,34,-4
460,456.0,1939.8399122807018,3567.561403508772,460,intact,11,35,-3
464,489.0,1941.394683026585,3618.7770961145193,464,intact,11,36,-2
461,350.0,1941.82,3669.077142857143,461,intact,11,37,-1
472,618.0,1977.0307443365696,1655.7783171521035,472,intact,12,1,-37
475,308.0,1978.6233766233765,1691.3733766233765,475,intact,12,2,-36
470,458.0,1976.9847161572052,1761.2882096069868,470,intact,12,3,-35
476,530.0,1978.3811320754717,1813.3716981132075,476,intact,12,4,-34
473,420.0,1978.4619047619049,1862.9928571428572,473,intact,12,5,-33
471,521.0,1979.2111324376199,1920.0652591170826,471,intact,12,6,-32
474,495.0,1978.5171717171718,1985.9676767676767,474,intact,12,7,-31
478,269.0,1980.096654275093,2036.271375464684,478,intact,12,8,-30
479,556.0,1979.546762589928,2107.4370503597124,479,intact,12,9,-29
482,322.0,1981.6304347826087,2155.9937888198756,482,intact,12,10,-28
477,606.0,1979.8151815181518,2212.2656765676566,477,intact,12,11,-27
480,346.0,1981.1098265895953,2264.78612716763,480,intact,12,12,-26
481,558.0,1981.9856630824372,2327.0734767025087,481,intact,12,13,-25
483,398.0,1982.1180904522614,2375.891959798995,483,intact,12,14,-24
484,613.0,1982.6753670473083,2449.7357259380096,484,intact,12,15,-23
485,248.0,1985.3306451612902,2490.5443548387098,485,intact,12,16,-22
486,502.0,1984.4561752988047,2564.370517928287,486,intact,12,17,-21
487,341.0,1987.2903225806451,2607.173020527859,487,intact,12,18,-20
488,456.0,1987.8552631578948,2670.8508771929824,488,intact,12,19,-19
489,325.0,1988.3784615384616,2720.3107692307694,489,intact,12,20,-18
490,590.0,1988.5593220338983,2784.15593220339,490,intact,12,21,-17
491,276.0,1990.3623188405797,2828.6014492753625,491,intact,12,22,-16
500,535.0,1988.9327102803738,2906.6878504672895,500,intact,12,23,-15
494,278.0,1989.8309352517986,2955.377697841727,494,intact,12,24,-14
492,554.0,1990.4314079422384,3018.241877256318,492,intact,12,25,-13
495,339.0,1991.7433628318583,3085.0029498525073,495,intact,12,26,-12
496,461.0,1989.937093275488,3129.0759219088936,496,intact,12,27,-11
497,492.0,1991.2682926829268,3188.4430894308944,497,intact,12,28,-10
501,534.0,1992.8277153558051,3244.0262172284642,501,intact,12,29,-9
498,352.0,1992.2585227272727,3296.1960227272725,498,intact,12,30,-8
493,555.0,1991.645045045045,3359.0792792792795,493,intact,12,31,-7
503,366.0,1991.4617486338798,3406.8169398907103,503,intact,12,32,-6
499,509.0,1992.1296660117878,3465.624754420432,499,intact,12,33,-5
502,462.0,1992.939393939394,3512.974025974026,502,intact,12,34,-4
504,537.0,1992.5810055865923,3567.6014897579144,504,intact,12,35,-3
506,487.0,1995.3080082135523,3615.8665297741272,506,intact,12,36,-2
505,334.0,1993.182634730539,3670.0149700598804,505,intact,12,37,-1
511,605.0,2034.8462809917355,1650.3752066115703,511,intact,13,1,-37
513,269.0,2036.171003717472,1693.7955390334573,513,intact,13,2,-36
516,504.0,2036.4801587301588,1762.906746031746,516,intact,13,3,-35
512,427.0,2036.0210772833723,1811.8758782201405,512,intact,13,4,-34
514,497.0,2037.0321931589538,1867.307847082495,514,intact,13,5,-33
515,373.0,2037.367292225201,1918.466487935657,515,intact,13,6,-32
517,521.0,2037.2207293666027,1989.7120921305182,517,intact,13,7,-31
518,347.0,2037.7319884726226,2034.864553314121,518,intact,13,8,-30
519,634.0,2039.4589905362775,2108.2082018927445,519,intact,13,9,-29
523,338.0,2040.5029585798816,2155.1005917159764,523,intact,13,10,-28
520,697.0,2039.2812051649928,2216.028694404591,520,intact,13,11,-27
524,391.0,2041.3017902813299,2266.537084398977,524,intact,13,12,-26
525,548.0,2039.897810218978,2328.954379562044,525,intact,13,13,-25
526,396.0,2041.5631313131314,2376.532828282828,526,intact,13,14,-24
521,688.0,2041.577034883721,2450.1031976744184,521,intact,13,15,-23
522,326.0,2042.5858895705521,2491.871165644172,522,intact,13,16,-22
527,631.0,2044.10618066561,2562.0332805071316,527,intact,13,17,-21
531,371.0,2048.1590296495956,2605.5175202156333,531,intact,13,18,-20
530,619.0,2045.6558966074313,2669.129240710824,530,intact,13,19,-19
528,540.0,2046.5074074074073,2722.7185185185185,528,intact,13,20,-18
529,612.0,2047.1470588235295,2780.6111111111113,529,intact,13,21,-17
534,433.0,2047.8198614318708,2831.5750577367207,534,intact,13,22,-16
536,364.0,2049.1456043956046,2892.554945054945,536,spoilt,13,27,-17
536,563.0,2047.7486815947873,2905.7372715224474,536_532,combined,13,23,-15
532,199.0,2046.3517587939698,2918.9195979899496,532,spoilt,13,28,-16
535,267.0,2049.14606741573,2955.7902621722847,535,intact,13,24,-14
539,281.0,2050.733096085409,3005.491103202847,539,spoilt,13,30,-14
539,511.0,2050.59480891227,3019.39337768838,539_540,combined,13,25,-13
540,230.0,2050.4565217391305,3033.295652173913,540,spoilt,13,31,-13
537,353.0,2050.4504249291786,3086.4957507082154,537,intact,13,26,-12
533,519.0,2049.5684007707127,3127.416184971098,533,intact,13,27,-11
538,506.0,2051.816205533597,3185.389328063241,538,intact,13,28,-10
541,384.0,2051.7604166666665,3244.359375,541,intact,13,29,-9
542,327.0,2052.2477064220184,3293.9571865443427,542,intact,13,30,-8
543,509.0,2053.3536345776033,3356.204322200393,543,intact,13,31,-7
546,312.0,2053.5384615384614,3404.701923076923,546,intact,13,32,-6
544,597.0,2054.5192629815747,3465.675041876047,544,intact,13,33,-5
547,455.0,2055.745054945055,3514.4,547,intact,13,34,-4
545,529.0,2054.631379962193,3565.0378071833647,545,intact,13,35,-3
548,526.0,2055.5532319391637,3618.119771863118,548,intact,13,36,-2
549,370.0,2055.7162162162163,3668.310810810811,549,intact,13,37,-1
555,651.0,2089.568356374808,1656.6436251920122,555,intact,14,1,-37
557,177.0,2090.2937853107346,1692.8926553672316,557,intact,14,2,-36
558,449.0,2089.895322939866,1764.011135857461,558,intact,14,3,-35
556,496.0,2091.247983870968,1810.1854838709678,556,intact,14,4,-34
559,613.0,2090.84339314845,1866.9853181076671,559,intact,14,5,-33
563,491.0,2091.3401221995928,1920.3177189409369,563,intact,14,6,-32
560,517.0,2090.388781431335,1987.3094777562862,560,intact,14,7,-31
564,313.0,2092.4632587859423,2035.3610223642172,564,intact,14,8,-30
561,691.0,2091.8133140376267,2108.84515195369,561,intact,14,9,-29
567,320.0,2094.328125,2156.815625,567,intact,14,10,-28
565,533.0,2092.8517823639777,2210.422138836773,565,intact,14,11,-27
569,427.0,2095.2014051522247,2265.3653395784545,569,intact,14,12,-26
570,592.0,2093.2280405405404,2328.052364864865,570,intact,14,13,-25
566,379.0,2094.2902374670184,2375.960422163588,566,intact,14,14,-24
562,557.0,2093.8653500897667,2446.754039497307,562,intact,14,15,-23
571,339.0,2096.8761061946902,2490.29203539823,571,intact,14,16,-22
568,602.0,2094.7358803986713,2559.9501661129566,568,intact,14,17,-21
572,327.0,2098.599388379205,2606.467889908257,572,intact,14,18,-20
577,566.0,2098.7809187279154,2669.249116607774,577,intact,14,19,-19
575,518.0,2098.1949806949806,2722.0444015444014,575,intact,14,20,-18
573,600.0,2098.528333333333,2778.7766666666666,573,intact,14,21,-17
576,445.0,2100.015730337079,2832.4067415730337,576,intact,14,22,-16
574,544.0,2098.955882352941,2903.295955882353,574,intact,14,23,-15
579,320.0,2101.49375,2952.55625,579,intact,14,24,-14
578,663.0,2101.7224736048265,3016.8506787330316,578,intact,14,25,-13
580,319.0,2102.5799373040754,3087.846394984326,580,intact,14,26,-12
581,374.0,2102.7406417112297,3127.181818181818,581,intact,14,27,-11
584,430.0,2104.0744186046513,3181.297674418605,584,intact,14,28,-10
585,409.0,2104.0660146699265,3241.58924205379,585,intact,14,29,-9
589,354.0,2105.04802259887,3295.5225988700563,589,intact,14,30,-8
582,575.0,2105.1495652173912,3355.0034782608695,582,intact,14,31,-7
590,281.0,2106.391459074733,3405.4128113879005,590,intact,14,32,-6
587,570.0,2105.138596491228,3464.733333333333,587,intact,14,33,-5
586,450.0,2105.9733333333334,3510.251111111111,586,intact,14,34,-4
588,638.0,2106.040752351097,3567.5078369905955,588,intact,14,35,-3
583,547.0,2106.471663619744,3615.36563071298,583,intact,14,36,-2
591,404.0,2106.0371287128714,3667.7871287128714,591,intact,14,37,-1
598,666.0,2149.9714714714714,1652.493993993994,598,intact,15,1,-37
601,300.0,2151.286666666667,1691.2333333333333,601,intact,15,2,-36
599,464.0,2149.7241379310344,1764.0474137931035,599,intact,15,3,-35
595,496.0,2151.139112903226,1811.016129032258,595,intact,15,4,-34
602,483.0,2152.1304347826085,1865.6397515527951,602,intact,15,5,-33
611,434.0,2153.5760368663596,1917.8617511520738,611,intact,15,6,-32
600,512.0,2150.884765625,1988.69921875,600,intact,15,7,-31
606,286.0,2152.769230769231,2036.2132867132866,606,intact,15,8,-30
607,290.0,2153.441379310345,2093.9,607,spoilt,15,14,-31
607,544.0,2152.5317132772198,2106.3102362204727,607_603,combined,15,9,-29
603,254.0,2151.6220472440946,2118.720472440945,603,spoilt,15,15,-30
604,222.0,2152.1486486486488,2155.4954954954956,604,intact,15,10,-28
608,588.0,2153.234693877551,2210.9812925170068,608,intact,15,11,-27
609,413.0,2154.089588377724,2266.1113801452784,609,intact,15,12,-26
605,476.0,2153.674369747899,2326.747899159664,605,intact,15,13,-25
612,338.0,2156.03550295858,2374.647928994083,612,intact,15,14,-24
610,493.0,2155.4563894523326,2445.5943204868154,610,intact,15,15,-23
614,276.0,2158.018115942029,2486.3478260869565,614,intact,15,16,-22
613,293.0,2156.8873720136517,2552.6860068259384,613,intact,15,17,-21
619,310.0,2162.1612903225805,2605.251612903226,619,intact,15,18,-20
617,457.0,2162.540481400438,2669.07658643326,617,intact,15,19,-19
615,539.0,2162.8293135435993,2719.0723562152134,615,intact,15,20,-18
620,521.0,2163.3339731285987,2778.925143953935,620,intact,15,21,-17
623,439.0,2164.389521640091,2831.6059225512527,623,intact,15,22,-16
618,225.0,2164.097777777778,2895.9555555555557,618,spoilt,15,29,-16
618,455.0,2163.148888888889,2908.1256038647343,618_616,combined,15,23,-15
616,230.0,2162.2,2920.295652173913,616,spoilt,15,30,-15
621,272.0,2164.676470588235,2956.889705882353,621,intact,15,24,-14
628,590.0,2166.1033898305086,3013.3,628,intact,15,25,-13
624,350.0,2166.3,3085.617142857143,624,intact,15,26,-12
622,342.0,2165.5760233918127,3123.1725146198833,622,intact,15,27,-11
625,516.0,2166.468992248062,3188.59496124031,625,intact,15,28,-10
629,477.0,2167.9329140461214,3242.0062893081763,629,intact,15,29,-9
635,384.0,2168.5885416666665,3294.796875,635,intact,15,30,-8
632,646.0,2168.547987616099,3360.2848297213623,632,intact,15,31,-7
633,345.0,2168.608695652174,3406.828985507246,633,intact,15,32,-6
630,462.0,2167.9458874458874,3466.3939393939395,630,intact,15,33,-5
626,466.0,2167.723175965665,3512.5042918454938,626,intact,15,34,-4
631,570.0,2168.9736842105262,3567.6859649122807,631,intact,15,35,-3
627,529.0,2168.03213610586,3617.4801512287336,627,intact,15,36,-2
634,372.0,2168.4596774193546,3668.7419354838707,634,intact,15,37,-1
638,579.0,2201.461139896373,1653.825561312608,638,intact,16,1,-37
645,234.0,2204.6111111111113,1695.4871794871794,645,intact,16,2,-36
642,509.0,2202.4616895874265,1762.5618860510806,642,intact,16,3,-35
644,352.0,2203.315340909091,1808.5227272727273,644,intact,16,4,-34
647,460.0,2204.980434782609,1868.9608695652173,647,intact,16,5,-33
648,300.0,2205.3333333333335,1918.1766666666667,648,intact,16,6,-32
643,463.0,2203.2980561555078,1991.5140388768898,643,intact,16,7,-31
649,205.0,2206.1658536585364,2039.668292682927,649,intact,16,8,-30
646,549.0,2205.1985428051003,2103.3060109289618,646,intact,16,9,-29
650,296.0,2207.2533783783783,2156.435810810811,650,intact,16,10,-28
652,534.0,2207.413857677903,2211.389513108614,652,intact,16,11,-27
654,338.0,2207.3816568047337,2265.2544378698226,654,intact,16,12,-26
653,501.0,2207.1716566866266,2325.9261477045907,653,intact,16,13,-25
651,425.0,2208.254117647059,2375.0235294117647,651,intact,16,14,-24
656,608.0,2208.6513157894738,2448.5246710526317,656,intact,16,15,-23
663,290.0,2212.520689655172,2487.7724137931036,663,intact,16,16,-22
657,503.0,2209.465208747515,2562.618290258449,657,intact,16,17,-21
661,369.0,2211.6720867208674,2604.6991869918697,661,intact,16,18,-20
664,614.0,2211.0814332247555,2667.514657980456,664,intact,16,19,-19
655,533.0,2211.121951219512,2722.4502814258913,655,intact,16,20,-18
658,520.0,2211.726923076923,2780.998076923077,658,intact,16,21,-17
662,454.0,2212.3876651982378,2829.7687224669603,662,intact,16,22,-16
659,457.0,2211.855579868709,2898.855579868709,659,intact,16,23,-15
665,291.0,2211.340206185567,2957.089347079038,665,intact,16,24,-14
666,638.0,2212.956112852665,3014.319749216301,666,intact,16,25,-13
667,394.0,2214.4137055837564,3081.720812182741,667,intact,16,26,-12
660,504.0,2213.595238095238,3126.4265873015875,660,intact,16,27,-11
668,75.0,2211.9866666666667,3173.3333333333335,668,intact,16,28,-10
669,230.0,2213.4521739130437,3233.021739130435,669,intact,16,29,-9
670,408.0,2216.5367647058824,3296.377450980392,670,intact,16,30,-8
671,489.0,2217.006134969325,3353.1267893660533,671,intact,16,31,-7
675,340.0,2218.423529411765,3407.285294117647,675,intact,16,32,-6
672,584.0,2217.818493150685,3465.1130136986303,672,intact,16,33,-5
676,499.0,2218.1362725450904,3511.603206412826,676,intact,16,34,-4
677,516.0,2219.0891472868216,3566.251937984496,677,intact,16,35,-3
673,491.0,2219.492871690428,3616.30549898167,673,intact,16,36,-2
674,318.0,2219.1509433962265,3668.8238993710693,674,intact,16,37,-1
681,646.0,2260.43653250774,1651.5526315789473,681,intact,17,1,-37
684,205.0,2261.878048780488,1695.0926829268292,684,intact,17,2,-36
682,451.0,2260.951219512195,1761.9445676274945,682,intact,17,3,-35
685,326.0,2263.058282208589,1808.659509202454,685,intact,17,4,-34
686,547.0,2263.014625228519,1871.1517367458866,686,intact,17,5,-33
687,431.0,2263.921113689095,1918.6798143851508,687,intact,17,6,-32
688,316.0,2264.278481012658,1991.876582278481,688,intact,17,7,-31
689,240.0,2264.6375,2039.7041666666667,689,intact,17,8,-30
693,615.0,2263.8926829268294,2104.7479674796746,693,intact,17,9,-29
690,296.0,2265.891891891892,2158.4797297297296,690,intact,17,10,-28
691,517.0,2265.68085106383,2210.74081237911,691,intact,17,11,-27
697,364.0,2267.596153846154,2265.085164835165,697,intact,17,12,-26
694,467.0,2265.291220556745,2326.614561027837,694,intact,17,13,-25
695,433.0,2267.986143187067,2376.092378752887,695,intact,17,14,-24
698,529.0,2267.368620037807,2444.4177693761817,698,intact,17,15,-23
692,324.0,2266.2685185185187,2491.259259259259,692,intact,17,16,-22
696,548.0,2268.094890510949,2558.2828467153286,696,intact,17,17,-21
700,394.0,2271.0101522842638,2604.994923857868,700,intact,17,18,-20
701,643.0,2271.0248833592536,2668.143079315708,701,intact,17,19,-19
699,575.0,2271.6747826086958,2720.0278260869563,699,intact,17,20,-18
702,548.0,2272.6222627737225,2780.366788321168,702,intact,17,21,-17
703,400.0,2272.8125,2831.4275,703,intact,17,22,-16
704,472.0,2273.3177966101694,2901.9110169491523,704,intact,17,23,-15
705,228.0,2272.8377192982457,2959.377192982456,705,intact,17,24,-14
706,494.0,2275.9615384615386,3011.8967611336034,706,intact,17,25,-13
708,296.0,2276.2094594594596,3079.699324324324,708,intact,17,26,-12
707,439.0,2275.4715261959,3125.6856492027337,707,intact,17,27,-11
710,335.0,2277.8358208955224,3183.686567164179,710,intact,17,28,-10
709,432.0,2277.222222222222,3240.9583333333335,709,intact,17,29,-9
711,335.0,2278.292537313433,3294.5402985074625,711,intact,17,30,-8
712,482.0,2278.5995850622407,3357.4771784232366,712,intact,17,31,-7
716,239.0,2280.702928870293,3407.2677824267785,716,intact,17,32,-6
714,495.0,2278.7353535353536,3465.551515151515,714,intact,17,33,-5
718,480.0,2281.054166666667,3512.0875,718,intact,17,34,-4
715,521.0,2280.721689059501,3565.7869481765833,715,intact,17,35,-3
713,421.0,2280.173396674584,3615.444180522565,713,intact,17,36,-2
717,244.0,2281.9836065573772,3667.4795081967213,717,intact,17,37,-1
724,457.0,2317.4857768052516,1649.2166301969366,724,intact,18,1,-37
725,407.0,2316.1031941031943,1689.995085995086,725,intact,18,2,-36
726,413.0,2316.6997578692494,1762.2687651331719,726,intact,18,3,-35
728,310.0,2319.458064516129,1808.7387096774194,728,intact,18,4,-34
729,492.0,2317.4837398373984,1869.1260162601627,729,intact,18,5,-33
730,292.0,2319.1746575342468,1920.7157534246576,730,intact,18,6,-32
731,206.0,2318.5485436893205,1981.893203883495,731,intact,18,7,-31
727,340.0,2319.485294117647,2039.6382352941177,727,intact,18,8,-30
736,592.0,2320.0912162162163,2100.8716216216217,736,intact,18,9,-29
732,317.0,2320.6813880126183,2155.7854889589908,732,intact,18,10,-28
733,564.0,2320.345744680851,2208.9131205673757,733,intact,18,11,-27
737,350.0,2320.1828571428573,2264.7257142857143,737,intact,18,12,-26
734,392.0,2321.4821428571427,2323.5688775510203,734,intact,18,13,-25
738,286.0,2322.0384615384614,2373.0174825174827,738,intact,18,14,-24
735,568.0,2322.385563380282,2447.2130281690143,735,intact,18,15,-23
739,246.0,2323.508130081301,2491.5365853658536,739,intact,18,16,-22
740,512.0,2323.77734375,2559.837890625,740,intact,18,17,-21
741,298.0,2325.1442953020132,2604.181208053691,741,intact,18,18,-20
742,508.0,2326.200787401575,2669.978346456693,742,intact,18,19,-19
743,485.0,2326.4659793814435,2720.818556701031,743,intact,18,20,-18
744,402.0,2327.042288557214,2780.8457711442784,744,intact,18,21,-17
747,413.0,2328.55205811138,2831.501210653753,747,intact,18,22,-16
745,512.0,2326.7890625,2902.828125,745,intact,18,23,-15
748,262.0,2329.4961832061067,2956.7824427480914,748,intact,18,24,-14
749,623.0,2329.8555377207063,3014.0288924558586,749,intact,18,25,-13
746,289.0,2328.3840830449826,3081.826989619377,746,intact,18,26,-12
750,394.0,2330.3274111675128,3123.6649746192893,750,intact,18,27,-11
751,327.0,2331.229357798165,3178.896024464832,751,intact,18,28,-10
754,389.0,2330.956298200514,3237.2776349614396,754,intact,18,29,-9
752,273.0,2331.8864468864467,3295.2344322344325,752,intact,18,30,-8
756,503.0,2332.4632206759443,3357.8588469184892,756,intact,18,31,-7
753,286.0,2331.7482517482517,3406.3706293706296,753,intact,18,32,-6
755,548.0,2331.5127737226276,3463.5401459854015,755,intact,18,33,-5
757,358.0,2333.986033519553,3509.905027932961,757,intact,18,34,-4
759,485.0,2333.7876288659795,3563.954639175258,759,intact,18,35,-3
760,480.0,2334.8729166666667,3613.2625,760,intact,18,36,-2
758,296.0,2332.7939189189187,3667.1655405405404,758,intact,18,37,-1
766,594.0,2371.6835016835016,1650.3939393939395,766,intact,19,1,-37
767,170.0,2372.423529411765,1693.3529411764705,767,intact,19,2,-36
768,463.0,2372.144708423326,1761.816414686825,768,intact,19,3,-35
769,276.0,2375.5833333333335,1808.0833333333333,769,intact,19,4,-34
771,520.0,2374.3307692307694,1868.5884615384616,771,intact,19,5,-33
772,260.0,2375.3192307692307,1919.676923076923,772,intact,19,6,-32
770,525.0,2375.097142857143,1991.8971428571429,770,intact,19,7,-31
774,211.0,2375.905213270142,2038.218009478673,774,intact,19,8,-30
775,555.0,2377.154954954955,2102.8432432432433,775,intact,19,9,-29
773,217.0,2375.9815668202764,2154.9400921658985,773,intact,19,10,-28
777,573.0,2377.432809773124,2211.176265270506,777,intact,19,11,-27
778,333.0,2377.7237237237237,2262.2162162162163,778,intact,19,12,-26
779,386.0,2378.20725388601,2323.3316062176164,779,intact,19,13,-25
776,289.0,2378.1349480968856,2370.657439446367,776,intact,19,14,-24
780,406.0,2379.0172413793102,2439.536945812808,780,intact,19,15,-23
781,263.0,2379.513307984791,2490.6349809885933,781,intact,19,16,-22
782,498.0,2379.859437751004,2559.3132530120483,782,intact,19,17,-21
783,300.0,2384.6866666666665,2603.4866666666667,783,intact,19,18,-20
785,525.0,2383.7542857142857,2669.8609523809523,785,intact,19,19,-19
784,345.0,2383.510144927536,2718.026086956522,784,intact,19,20,-18
786,393.0,2384.272264631043,2776.8244274809163,786,intact,19,21,-17
788,419.0,2385.159904534606,2831.8806682577565,788,intact,19,22,-16
787,590.0,2385.6474576271185,2900.4762711864405,787,intact,19,23,-15
789,238.0,2386.4621848739494,2958.0672268907565,789,intact,19,24,-14
791,399.0,2386.9824561403507,3008.0751879699246,791,intact,19,25,-13
792,252.0,2387.90873015873,3078.1706349206347,792,intact,19,26,-12
790,438.0,2387.433789954338,3123.8196347031962,790,intact,19,27,-11
793,419.0,2387.618138424821,3181.1551312649167,793,intact,19,28,-10
794,443.0,2388.6704288939054,3241.977426636569,794,intact,19,29,-9
796,263.0,2390.3269961977185,3293.384030418251,796,intact,19,30,-8
795,508.0,2389.8090551181103,3356.600393700787,795,intact,19,31,-7
797,255.0,2391.741176470588,3406.549019607843,797,intact,19,32,-6
801,382.0,2392.455497382199,3461.6544502617803,801,intact,19,33,-5
798,407.0,2392.208845208845,3511.255528255528,798,intact,19,34,-4
802,527.0,2393.111954459203,3563.842504743833,802,intact,19,35,-3
799,435.0,2391.9954022988504,3615.96091954023,799,intact,19,36,-2
800,275.0,2393.101818181818,3668.8654545454547,800,intact,19,37,-1
807,516.0,2427.4321705426355,1653.9205426356589,807,intact,20,1,-37
811,214.0,2429.9018691588785,1694.5420560747664,811,intact,20,2,-36
809,441.0,2429.4036281179137,1761.4467120181405,809,intact,20,3,-35
812,302.0,2431.254966887417,1809.4735099337747,812,intact,20,4,-34
813,545.0,2429.9412844036697,1870.570642201835,813,intact,20,5,-33
816,277.0,2430.9494584837544,1923.1083032490974,816,intact,20,6,-32
817,531.0,2431.2354048964216,1991.5612052730696,817,intact,20,7,-31
810,303.0,2433.3531353135313,2038.1518151815183,810,intact,20,8,-30
823,562.0,2432.1868327402135,2098.679715302491,823,intact,20,9,-29
814,258.0,2433.31007751938,2154.0697674418607,814,intact,20,10,-28
818,466.0,2432.8454935622317,2206.785407725322,818,intact,20,11,-27
824,346.0,2434.0115606936415,2260.0462427745665,824,intact,20,12,-26
815,498.0,2432.487951807229,2323.0662650602408,815,intact,20,13,-25
820,357.0,2434.63025210084,2373.7591036414565,820,intact,20,14,-24
821,363.0,2433.9724517906334,2436.2699724517906,821,intact,20,15,-23
822,248.0,2434.9919354838707,2491.3669354838707,822,intact,20,16,-22
819,400.0,2435.5375,2558.1075,819,intact,20,17,-21
825,274.0,2436.795620437956,2604.1605839416056,825,intact,20,18,-20
826,355.0,2436.205633802817,2659.830985915493,826,intact,20,19,-19
828,379.0,2438.7704485488125,2718.4511873350925,828,intact,20,20,-18
827,439.0,2438.1981776765374,2781.5330296127563,827,intact,20,21,-17
831,359.0,2440.6963788300836,2829.974930362117,831,intact,20,22,-16
829,526.0,2439.9847908745246,2899.9049429657794,829,intact,20,23,-15
832,266.0,2441.8872180451126,2957.8609022556393,832,intact,20,24,-14
833,621.0,2442.1755233494364,3010.9967793880837,833,intact,20,25,-13
830,286.0,2440.986013986014,3082.1503496503497,830,intact,20,26,-12
836,500.0,2442.642,3124.866,836,intact,20,27,-11
834,429.0,2443.2890442890443,3179.7459207459206,834,intact,20,28,-10
837,490.0,2443.3142857142857,3241.087755102041,837,intact,20,29,-9
839,363.0,2445.093663911846,3290.840220385675,839,intact,20,30,-8
835,457.0,2444.577680525164,3359.024070021882,835,intact,20,31,-7
838,271.0,2445.8560885608854,3406.889298892989,838,intact,20,32,-6
842,463.0,2445.755939524838,3464.436285097192,842,intact,20,33,-5
840,378.0,2446.095238095238,3510.1402116402114,840,intact,20,34,-4
843,449.0,2445.338530066815,3563.412026726058,843,intact,20,35,-3
844,440.0,2446.8477272727273,3613.175,844,intact,20,36,-2
841,280.0,2447.0785714285716,3667.0214285714287,841,intact,20,37,-1
848,622.0,2487.0594855305467,1653.0064308681672,848,intact,21,1,-37
849,249.0,2487.5180722891564,1697.4538152610442,849,intact,21,2,-36
850,560.0,2486.723214285714,1761.9535714285714,850,intact,21,3,-35
851,345.0,2489.478260869565,1811.8347826086956,851,intact,21,4,-34
856,525.0,2488.6514285714284,1867.52,856,intact,21,5,-33
853,359.0,2489.685236768802,1922.175487465181,853,intact,21,6,-32
857,534.0,2489.076779026217,1984.7209737827716,857,intact,21,7,-31
854,261.0,2489.0,2034.2528735632184,854,intact,21,8,-30
858,550.0,2490.276363636364,2099.0672727272727,858,intact,21,9,-29
859,313.0,2490.3801916932907,2155.741214057508,859,intact,21,10,-28
860,508.0,2491.553149606299,2208.0925196850394,860,intact,21,11,-27
863,286.0,2493.388111888112,2262.318181818182,863,intact,21,12,-26
861,405.0,2491.4,2321.0074074074073,861,intact,21,13,-25
864,352.0,2493.59375,2370.184659090909,864,intact,21,14,-24
862,577.0,2493.1369150779897,2446.4956672443673,862,intact,21,15,-23
865,217.0,2493.400921658986,2489.622119815668,865,intact,21,16,-22
866,517.0,2496.1431334622825,2557.9381044487427,866,intact,21,17,-21
867,258.0,2499.6007751937987,2600.7286821705425,867,intact,21,18,-20
868,563.0,2498.1687388987566,2668.664298401421,868,intact,21,19,-19
873,539.0,2500.313543599258,2718.122448979592,873,intact,21,20,-18
869,490.0,2499.1897959183675,2780.4979591836736,869,intact,21,21,-17
876,488.0,2500.497950819672,2829.938524590164,876,intact,21,22,-16
871,226.0,2501.2743362831857,2888.8274336283184,871,spoilt,21,28,-16
871,427.0,2500.2739840619906,2903.9211795007263,871_870,combined,21,23,-15
870,201.0,2499.273631840796,2919.0149253731342,870,spoilt,21,29,-15
872,243.0,2501.534979423868,2958.0,872,intact,21,24,-14
877,473.0,2502.4291754756873,3005.739957716702,877,intact,21,25,-13
878,290.0,2504.0,3075.8724137931035,878,intact,21,26,-12
879,471.0,2502.7664543524415,3123.668789808917,879,intact,21,27,-11
880,408.0,2503.274509803922,3179.301470588235,880,intact,21,28,-10
883,354.0,2503.6892655367233,3233.7344632768363,883,intact,21,29,-9
874,245.0,2502.4,3291.4979591836736,874,intact,21,30,-8
884,511.0,2505.113502935421,3355.829745596869,884,intact,21,31,-7
881,221.0,2503.7737556561087,3405.6968325791854,881,intact,21,32,-6
875,496.0,2504.9556451612902,3464.1512096774195,875,intact,21,33,-5
882,476.0,2504.8466386554624,3509.15756302521,882,intact,21,34,-4
887,492.0,2506.201219512195,3565.2134146341464,887,intact,21,35,-3
885,442.0,2505.866515837104,3616.522624434389,885,intact,21,36,-2
886,319.0,2504.3228840125394,3667.1943573667713,886,intact,21,37,-1
892,578.0,2539.3910034602077,1650.1262975778548,892,intact,22,1,-37
897,242.0,2541.5165289256197,1694.5247933884298,897,intact,22,2,-36
894,474.0,2541.2320675105484,1760.6856540084389,894,intact,22,3,-35
898,371.0,2542.714285714286,1810.4177897574125,898,intact,22,4,-34
895,542.0,2541.6771217712176,1870.1125461254612,895,intact,22,5,-33
899,294.0,2541.9625850340135,1924.2108843537414,899,intact,22,6,-32
896,417.0,2541.9928057553957,1987.2134292565947,896,intact,22,7,-31
900,311.0,2545.006430868167,2033.2282958199357,900,intact,22,8,-30
901,620.0,2543.232258064516,2100.93064516129,901,intact,22,9,-29
902,258.0,2545.375968992248,2153.1007751937987,902,intact,22,10,-28
904,578.0,2544.7439446366784,2210.0726643598614,904,intact,22,11,-27
903,423.0,2543.8676122931442,2265.4444444444443,903,intact,22,12,-26
908,415.0,2546.3951807228914,2322.6795180722893,908,intact,22,13,-25
906,265.0,2546.6452830188678,2370.1132075471696,906,intact,22,14,-24
909,398.0,2545.9120603015076,2445.505025125628,909,intact,22,15,-23
911,292.0,2548.349315068493,2486.969178082192,911,intact,22,16,-22
912,566.0,2547.5530035335687,2559.3975265017666,912,intact,22,17,-21
914,378.0,2549.531746031746,2601.7830687830688,914,intact,22,18,-20
905,446.0,2547.654708520179,2666.6591928251123,905,intact,22,19,-19
907,521.0,2548.8080614203454,2717.687140115163,907,intact,22,20,-18
910,564.0,2550.1932624113474,2781.008865248227,910,intact,22,21,-17
915,437.0,2550.8718535469106,2829.6773455377574,915,intact,22,22,-16
913,475.0,2549.654736842105,2898.5452631578946,913,intact,22,23,-15
917,287.0,2553.679442508711,2956.9965156794424,917,intact,22,24,-14
921,408.0,2553.4117647058824,3006.232843137255,921,intact,22,25,-13
918,294.0,2553.1938775510203,3080.329931972789,918,intact,22,26,-12
916,340.0,2553.491176470588,3123.1941176470586,916,intact,22,27,-11
919,350.0,2554.137142857143,3178.54,919,intact,22,28,-10
920,436.0,2553.172018348624,3238.137614678899,920,intact,22,29,-9
922,307.0,2554.7654723127034,3293.3745928338762,922,intact,22,30,-8
923,476.0,2555.88025210084,3354.436974789916,923,intact,22,31,-7
924,266.0,2555.2293233082705,3409.812030075188,924,intact,22,32,-6
926,516.0,2555.201550387597,3462.8934108527133,926,intact,22,33,-5
925,434.0,2557.0138248847925,3509.9493087557603,925,intact,22,34,-4
927,564.0,2557.2606382978724,3565.4060283687945,927,intact,22,35,-3
928,412.0,2557.509708737864,3614.0436893203882,928,intact,22,36,-2
929,313.0,2557.482428115016,3667.297124600639,929,intact,22,37,-1
932,626.0,2600.891373801917,1650.2635782747604,932,intact,23,1,-37
938,292.0,2602.8150684931506,1694.2157534246576,938,intact,23,2,-36
937,592.0,2601.7280405405404,1761.9206081081081,937,intact,23,3,-35
949,364.0,2605.868131868132,1810.6346153846155,949,intact,23,4,-34
939,429.0,2603.142191142191,1868.3170163170164,939,intact,23,5,-33
940,340.0,2604.1911764705883,1921.1235294117646,940,intact,23,6,-32
934,556.0,2602.3687050359713,1987.6708633093526,934,intact,23,7,-31
943,283.0,2604.749116607774,2031.2049469964663,943,intact,23,8,-30
941,612.0,2604.5718954248364,2103.274509803922,941,intact,23,9,-29
944,194.0,2605.180412371134,2150.505154639175,944,intact,23,10,-28
942,514.0,2604.387159533074,2207.6575875486383,942,intact,23,11,-27
945,391.0,2605.7314578005116,2263.6138107416878,945,intact,23,12,-26
946,413.0,2606.169491525424,2318.8886198547216,946,intact,23,13,-25
950,331.0,2607.392749244713,2370.2930513595165,950,intact,23,14,-24
947,363.0,2606.0165289256197,2437.3911845730026,947,intact,23,15,-23
951,259.0,2607.5521235521237,2462.2509652509652,951,spoilt,23,21,-24
951,441.0,2606.756831006831,2476.1584496584496,951_952,combined,23,16,-22
952,182.0,2605.9615384615386,2490.065934065934,952,spoilt,23,22,-23
948,597.0,2608.78391959799,2556.110552763819,948,intact,23,17,-21
954,364.0,2613.629120879121,2598.3846153846152,954,intact,23,18,-20
955,373.0,2614.4101876675604,2664.758713136729,955,intact,23,19,-19
953,494.0,2613.682186234818,2717.813765182186,953,intact,23,20,-18
956,446.0,2614.1367713004483,2780.959641255605,956,intact,23,21,-17
957,375.0,2614.5733333333333,2828.928,957,intact,23,22,-16
958,579.0,2615.5837651122624,2898.9689119170985,958,intact,23,23,-15
960,296.0,2616.9155405405404,2956.4695945945946,960,intact,23,24,-14
964,408.0,2618.828431372549,3001.0661764705883,964,spoilt,23,31,-14
964,608.0,2617.7942156862746,3016.2955882352944,964_959,combined,23,25,-13
959,200.0,2616.76,3031.525,959,spoilt,23,32,-13
961,219.0,2618.0,3078.1735159817354,961,intact,23,26,-12
965,403.0,2618.4044665012407,3122.9454094292805,965,intact,23,27,-11
962,420.0,2618.3404761904762,3176.7023809523807,962,intact,23,28,-10
967,414.0,2619.43961352657,3238.144927536232,967,intact,23,29,-9
968,256.0,2619.51953125,3293.14453125,968,intact,23,30,-8
969,286.0,2619.6853146853146,3347.541958041958,969,intact,23,31,-7
971,323.0,2621.185758513932,3407.312693498452,971,intact,23,32,-6
966,636.0,2619.504716981132,3462.187106918239,966,intact,23,33,-5
972,358.0,2620.3407821229052,3508.8156424581007,972,intact,23,34,-4
970,492.0,2621.9979674796746,3563.8333333333335,970,intact,23,35,-3
963,388.0,2620.6288659793813,3614.0257731958764,963,intact,23,36,-2
973,370.0,2623.337837837838,3666.2027027027025,973,intact,23,37,-1
980,541.0,2652.992606284658,1650.170055452865,980,intact,24,1,-37
981,239.0,2653.8326359832636,1693.6903765690377,981,intact,24,2,-36
978,534.0,2652.88202247191,1759.6797752808989,978,intact,24,3,-35
982,328.0,2655.015243902439,1810.4237804878048,982,intact,24,4,-34
985,507.0,2653.9250493096647,1867.6923076923076,985,intact,24,5,-33
983,298.0,2654.5838926174497,1921.5604026845638,983,intact,24,6,-32
984,407.0,2655.2923832923834,1985.1891891891892,984,intact,24,7,-31
987,255.0,2657.7568627450983,2032.313725490196,987,intact,24,8,-30
986,521.0,2655.911708253359,2100.6698656429944,986,intact,24,9,-29
991,304.0,2659.0625,2152.0559210526317,991,intact,24,10,-28
988,400.0,2657.3,2209.6925,988,intact,24,11,-27
989,345.0,2658.649275362319,2261.9971014492753,989,intact,24,12,-26
990,522.0,2658.204980842912,2321.9214559386974,990,intact,24,13,-25
994,295.0,2659.9559322033897,2369.0677966101694,994,intact,24,14,-24
992,444.0,2659.141891891892,2447.301801801802,992,intact,24,15,-23
993,286.0,2660.520979020979,2488.877622377622,993,intact,24,16,-22
995,631.0,2659.86529318542,2555.19175911252,995,intact,24,17,-21
998,427.0,2663.065573770492,2600.9227166276346,998,intact,24,18,-20
999,510.0,2662.649019607843,2662.749019607843,999,intact,24,19,-19
996,483.0,2662.9523809523807,2717.718426501035,996,intact,24,20,-18
1000,465.0,2663.1247311827956,2776.443010752688,1000,intact,24,21,-17
997,494.0,2663.1963562753035,2829.095141700405,997,intact,24,22,-16
1001,483.0,2664.6521739130435,2896.954451345756,1001,intact,24,23,-15
1002,365.0,2665.27397260274,2954.041095890411,1002,intact,24,24,-14
1003,383.0,2664.715404699739,3002.822454308094,1003,intact,24,25,-13
1004,295.0,2665.24406779661,3082.3254237288133,1004,intact,24,26,-12
1005,407.0,2666.321867321867,3122.9410319410317,1005,intact,24,27,-11
1009,375.0,2667.1813333333334,3177.664,1009,intact,24,28,-10
1006,334.0,2666.1167664670656,3236.805389221557,1006,intact,24,29,-9
1010,278.0,2667.9352517985612,3288.845323741007,1010,intact,24,30,-8
1007,478.0,2668.246861924686,3357.516736401674,1007,intact,24,31,-7
1011,304.0,2668.3190789473683,3407.8947368421054,1011,intact,24,32,-6
1008,559.0,2668.515205724508,3462.2826475849733,1008,intact,24,33,-5
1012,481.0,2670.781704781705,3511.074844074844,1012,intact,24,34,-4
1015,512.0,2670.408203125,3564.224609375,1015,intact,24,35,-3
1013,439.0,2670.7972665148063,3616.608200455581,1013,intact,24,36,-2
1014,291.0,2671.1168384879725,3665.9484536082473,1014,intact,24,37,-1
1021,533.0,2711.5103189493434,1648.06191369606,1021,intact,25,1,-37
1022,254.0,2711.488188976378,1691.476377952756,1022,intact,25,2,-36
1023,639.0,2712.3615023474176,1762.8904538341158,1023,intact,25,3,-35
1025,387.0,2714.700258397933,1812.3901808785529,1025,intact,25,4,-34
1030,436.0,2714.0504587155965,1869.0940366972477,1030,intact,25,5,-33
1026,278.0,2714.0107913669067,1921.0611510791366,1026,intact,25,6,-32
1024,354.0,2713.141242937853,1978.7570621468926,1024,spoilt,25,12,-33
1024,609.0,2713.860817547358,1991.0059820538386,1024_1027,combined,25,7,-31
1027,255.0,2714.5803921568627,2003.2549019607843,1027,spoilt,25,13,-32
1028,214.0,2716.0467289719627,2031.3598130841121,1028,intact,25,8,-30
1037,553.0,2715.9077757685354,2101.8553345388787,1037,intact,25,9,-29
1031,263.0,2716.3574144486693,2153.897338403042,1031,intact,25,10,-28
1034,446.0,2716.762331838565,2210.2825112107626,1034,intact,25,11,-27
1029,437.0,2715.8146453089244,2261.1990846681924,1029,intact,25,12,-26
1035,471.0,2717.0318471337578,2318.692144373673,1035,intact,25,13,-25
1032,406.0,2717.71921182266,2370.167487684729,1032,intact,25,14,-24
1036,474.0,2717.1244725738397,2444.8607594936707,1036,intact,25,15,-23
1033,244.0,2715.9221311475408,2488.844262295082,1033,intact,25,16,-22
1038,455.0,2718.2901098901098,2554.9978021978022,1038,intact,25,17,-21
1039,327.0,2722.012232415902,2599.2079510703365,1039,intact,25,18,-20
1041,628.0,2722.316878980892,2665.042993630573,1041,intact,25,19,-19
1040,531.0,2723.2278719397364,2717.662900188324,1040,intact,25,20,-18
1042,454.0,2724.169603524229,2774.958149779736,1042,intact,25,21,-17
1043,474.0,2724.3649789029537,2828.3881856540083,1043,intact,25,22,-16
1044,656.0,2724.317073170732,2897.314024390244,1044,intact,25,23,-15
1046,306.0,2724.8202614379084,2950.8627450980393,1046,intact,25,24,-14
1045,321.0,2725.3208722741433,3003.2897196261683,1045,spoilt,25,31,-14
1045,539.0,2725.970069164595,3017.335226785561,1045_1047,combined,25,25,-13
1047,218.0,2726.619266055046,3031.380733944954,1047,spoilt,25,32,-13
1048,261.0,2727.2030651340997,3081.0383141762454,1048,intact,25,26,-12
1049,379.0,2727.6042216358837,3123.54617414248,1049,intact,25,27,-11
1050,420.0,2728.3404761904762,3176.652380952381,1050,intact,25,28,-10
1051,395.0,2728.192405063291,3238.954430379747,1051,intact,25,29,-9
1056,286.0,2729.7482517482517,3291.8496503496503,1056,intact,25,30,-8
1052,438.0,2729.3333333333335,3357.1552511415525,1052,intact,25,31,-7
1057,260.0,2730.8038461538463,3406.8346153846155,1057,intact,25,32,-6
1058,628.0,2729.482484076433,3463.106687898089,1058,intact,25,33,-5
1053,409.0,2731.039119804401,3510.0611246943763,1053,intact,25,34,-4
1054,515.0,2731.650485436893,3560.978640776699,1054,intact,25,35,-3
1059,437.0,2731.279176201373,3612.913043478261,1059,intact,25,36,-2
1055,276.0,2731.4239130434785,3666.4166666666665,1055,intact,25,37,-1
1064,473.0,2767.7167019027484,1651.4355179704016,1064,intact,26,1,-37
1066,232.0,2769.314655172414,1693.6810344827586,1066,intact,26,2,-36
1067,614.0,2768.2361563517916,1763.8029315960912,1067,intact,26,3,-35
1071,352.0,2771.2045454545455,1813.0767045454545,1071,intact,26,4,-34
1072,531.0,2768.7062146892654,1866.9416195856875,1072,intact,26,5,-33
1080,336.0,2771.309523809524,1923.4107142857142,1080,intact,26,6,-32
1068,545.0,2769.57247706422,1985.0642201834862,1068,intact,26,7,-31
1069,293.0,2770.9317406143346,2032.0443686006827,1069,intact,26,8,-30
1076,496.0,2771.6491935483873,2100.0504032258063,1076,intact,26,9,-29
1070,282.0,2771.77304964539,2150.375886524823,1070,intact,26,10,-28
1077,570.0,2772.759649122807,2209.6087719298243,1077,intact,26,11,-27
1073,392.0,2772.9464285714284,2261.8571428571427,1073,intact,26,12,-26
1078,518.0,2772.679536679537,2320.6254826254826,1078,intact,26,13,-25
1079,324.0,2773.932098765432,2366.614197530864,1079,intact,26,14,-24
1074,616.0,2773.345779220779,2446.2564935064934,1074,intact,26,15,-23
1081,159.0,2773.754716981132,2489.874213836478,1081,intact,26,16,-22
1075,587.0,2773.9727427597954,2552.916524701874,1075,intact,26,17,-21
1083,302.0,2778.1887417218545,2599.139072847682,1083,intact,26,18,-20
1084,492.0,2777.7662601626016,2661.441056910569,1084,intact,26,19,-19
1082,549.0,2777.905282331512,2716.479052823315,1082,intact,26,20,-18
1085,403.0,2778.48635235732,2775.210918114144,1085,intact,26,21,-17
1086,372.0,2779.4758064516127,2826.1881720430106,1086,intact,26,22,-16
1087,465.0,2779.567741935484,2895.277419354839,1087,intact,26,23,-15
1089,256.0,2781.31640625,2951.8515625,1089,intact,26,24,-14
1092,593.0,2782.20910623946,3008.328836424958,1092,intact,26,25,-13
1088,313.0,2781.226837060703,3083.543130990415,1088,intact,26,26,-12
1090,393.0,2782.5445292620866,3121.381679389313,1090,intact,26,27,-11
1093,425.0,2782.7764705882355,3176.7952941176472,1093,intact,26,28,-10
1091,449.0,2782.0489977728284,3239.910913140312,1091,intact,26,29,-9
1100,344.0,2785.5726744186045,3289.3953488372094,1100,intact,26,30,-8
1095,456.0,2783.714912280702,3353.9868421052633,1095,intact,26,31,-7
1101,276.0,2786.217391304348,3404.5471014492755,1101,intact,26,32,-6
1094,504.0,2784.3531746031745,3460.1150793650795,1094,intact,26,33,-5
1099,441.0,2786.5238095238096,3506.1814058956916,1099,intact,26,34,-4
1097,476.0,2785.4012605042017,3560.388655462185,1097,intact,26,35,-3
1096,560.0,2786.3678571428572,3612.7375,1096,intact,26,36,-2
1098,355.0,2785.369014084507,3664.574647887324,1098,intact,26,37,-1
1109,539.0,2825.0445269016695,1648.725417439703,1109,intact,27,1,-37
1106,292.0,2825.578767123288,1692.5239726027398,1106,intact,27,2,-36
1107,501.0,2825.011976047904,1760.0259481037924,1107,intact,27,3,-35
1111,300.0,2827.403333333333,1808.7766666666666,1111,intact,27,4,-34
1110,471.0,2826.367303609342,1866.2951167728238,1110,intact,27,5,-33
1112,315.0,2827.2190476190476,1923.0126984126985,1112,intact,27,6,-32
1113,421.0,2827.144893111639,1980.24703087886,1113,intact,27,7,-31
1114,247.0,2827.4615384615386,2029.5384615384614,1114,intact,27,8,-30
1115,598.0,2828.7842809364547,2100.76254180602,1115,intact,27,9,-29
1116,192.0,2828.609375,2150.234375,1116,intact,27,10,-28
1117,536.0,2829.759328358209,2207.3805970149256,1117,intact,27,11,-27
1120,412.0,2829.910194174757,2259.25,1120,intact,27,12,-26
1118,320.0,2829.56875,2314.678125,1118,intact,27,13,-25
1122,367.0,2832.0708446866483,2366.7220708446866,1122,intact,27,14,-24
1119,559.0,2830.570661896243,2443.051878354204,1119,intact,27,15,-23
1121,239.0,2831.523012552301,2490.029288702929,1121,intact,27,16,-22
1123,563.0,2832.1936056838367,2554.644760213144,1123,intact,27,17,-21
1124,341.0,2834.7741935483873,2598.565982404692,1124,intact,27,18,-20
1126,569.0,2835.474516695958,2665.13532513181,1126,intact,27,19,-19
1125,399.0,2837.157894736842,2714.937343358396,1125,intact,27,20,-18
1127,413.0,2836.496368038741,2774.605326876513,1127,intact,27,21,-17
1128,496.0,2837.844758064516,2826.951612903226,1128,intact,27,22,-16
1129,596.0,2836.7852348993288,2898.7936241610737,1129,intact,27,23,-15
1133,238.0,2839.7605042016808,2952.6890756302523,1133,intact,27,24,-14
1130,592.0,2838.8699324324325,3010.7179054054054,1130,intact,27,25,-13
1131,202.0,2839.0643564356437,3080.0544554455446,1131,intact,27,26,-12
1132,409.0,2839.403422982885,3119.8704156479216,1132,intact,27,27,-11
1136,510.0,2841.7901960784316,3179.2568627450983,1136,intact,27,28,-10
1139,531.0,2842.79472693032,3237.169491525424,1139,intact,27,29,-9
1137,467.0,2843.5631691648823,3288.374732334047,1137,intact,27,30,-8
1134,467.0,2841.304068522484,3352.1434689507496,1134,intact,27,31,-7
1138,237.0,2842.4767932489453,3403.4978902953585,1138,intact,27,32,-6
1135,448.0,2842.4821428571427,3461.4776785714284,1135,intact,27,33,-5
1140,459.0,2845.244008714597,3506.925925925926,1140,intact,27,34,-4
1141,559.0,2844.769230769231,3564.221824686941,1141,intact,27,35,-3
1142,459.0,2844.9193899782135,3611.6100217864923,1142,intact,27,36,-2
1143,335.0,2845.155223880597,3665.5462686567166,1143,intact,27,37,-1
1150,593.0,2880.4384485666105,1656.114671163575,1150,intact,28,1,-37
1155,213.0,2882.7652582159626,1693.6150234741783,1155,intact,28,2,-36
1151,454.0,2881.1982378854627,1758.7444933920706,1151,intact,28,3,-35
1156,294.0,2882.3503401360545,1805.2142857142858,1156,intact,28,4,-34
1152,502.0,2881.569721115538,1865.4382470119522,1152,intact,28,5,-33
1153,275.0,2881.7054545454544,1921.3018181818181,1153,intact,28,6,-32
1154,440.0,2882.461363636364,1984.4977272727272,1154,intact,28,7,-31
1158,205.0,2884.0682926829268,2030.3073170731707,1158,intact,28,8,-30
1159,438.0,2883.89497716895,2089.463470319635,1159,spoilt,28,14,-31
1159,744.0,2882.5242859700957,2103.4670292774645,1159_1149,combined,28,9,-29
1149,306.0,2881.153594771242,2117.470588235294,1149,spoilt,28,15,-30
1164,243.0,2885.477366255144,2147.8888888888887,1164,intact,28,10,-28
1161,489.0,2884.4744376278118,2207.5971370143147,1161,intact,28,11,-27
1157,429.0,2884.3916083916083,2260.3636363636365,1157,intact,28,12,-26
1162,521.0,2885.721689059501,2318.0729366602686,1162,intact,28,13,-25
1160,344.0,2885.9447674418607,2370.5523255813955,1160,intact,28,14,-24
1165,543.0,2886.0920810313078,2444.7127071823206,1165,intact,28,15,-23
1166,233.0,2886.772532188841,2484.793991416309,1166,intact,28,16,-22
1163,560.0,2886.9160714285713,2553.380357142857,1163,intact,28,17,-21
1167,322.0,2889.4037267080744,2597.8757763975154,1167,intact,28,18,-20
1168,643.0,2888.317262830482,2660.2332814930014,1168,intact,28,19,-19
1169,515.0,2890.8174757281554,2717.0466019417477,1169,intact,28,20,-18
1170,388.0,2888.907216494845,2776.090206185567,1170,intact,28,21,-17
1171,347.0,2891.587896253602,2825.5273775216137,1171,intact,28,22,-16
1172,589.0,2892.5093378607808,2898.831918505942,1172,intact,28,23,-15
1173,254.0,2893.015748031496,2946.9448818897636,1173,intact,28,24,-14
1178,651.0,2893.798771121352,3014.115207373272,1178,intact,28,25,-13
1180,254.0,2894.740157480315,3079.988188976378,1180,intact,28,26,-12
1179,479.0,2893.7202505219207,3120.603340292276,1179,intact,28,27,-11
1174,472.0,2894.2478813559323,3177.0741525423728,1174,intact,28,28,-10
1175,633.0,2893.5323854660346,3239.6303317535544,1175,intact,28,29,-9
1185,354.0,2896.2203389830506,3289.0,1185,intact,28,30,-8
1181,301.0,2896.5249169435215,3345.285714285714,1181,spoilt,28,37,-8
1181,496.0,2895.4214328307353,3357.8761904761905,1181_1176,combined,28,31,-7
1176,195.0,2894.3179487179486,3370.4666666666667,1176,spoilt,28,38,-7
1186,252.0,2897.3968253968255,3408.3174603174602,1186,intact,28,32,-6
1183,386.0,2896.678756476684,3459.0725388601036,1183,intact,28,33,-5
1177,430.0,2895.6976744186045,3507.741860465116,1177,intact,28,34,-4
1187,520.0,2896.9423076923076,3560.0307692307692,1187,intact,28,35,-3
1182,423.0,2896.600472813239,3611.4869976359337,1182,intact,28,36,-2
1184,401.0,2897.5087281795513,3666.992518703242,1184,intact,28,37,-1
1192,585.0,2937.4188034188032,1646.2273504273505,1192,intact,29,1,-37
1200,277.0,2940.548736462094,1689.595667870036,1200,intact,29,2,-36
1194,509.0,2938.654223968566,1757.4793713163065,1194,intact,29,3,-35
1197,401.0,2940.2019950124686,1806.9351620947632,1197,intact,29,4,-34
1195,498.0,2940.6787148594376,1865.140562248996,1195,intact,29,5,-33
1198,346.0,2940.098265895954,1918.5346820809248,1198,intact,29,6,-32
1196,557.0,2939.5134649910233,1982.7109515260322,1196,intact,29,7,-31
1201,293.0,2941.5017064846415,2028.2798634812286,1201,intact,29,8,-30
1202,486.0,2940.41975308642,2096.5123456790125,1202,intact,29,9,-29
1203,238.0,2941.4873949579833,2147.121848739496,1203,intact,29,10,-28
1199,425.0,2941.268235294118,2208.061176470588,1199,intact,29,11,-27
1206,345.0,2944.1478260869567,2258.1072463768114,1206,intact,29,12,-26
1204,436.0,2941.9449541284403,2322.4862385321103,1204,intact,29,13,-25
1205,452.0,2944.0730088495575,2366.4115044247787,1205,intact,29,14,-24
1207,514.0,2943.661478599222,2441.852140077821,1207,intact,29,15,-23
1209,258.0,2943.3682170542634,2486.0387596899227,1209,intact,29,16,-22
1210,349.0,2944.7679083094554,2546.143266475645,1210,spoilt,29,22,-23
1210,595.0,2944.7579378945647,2557.9801698231886,1210_1208,combined,29,17,-21
1208,246.0,2944.7479674796746,2569.817073170732,1208,spoilt,29,23,-22
1211,302.0,2949.4668874172185,2598.427152317881,1211,intact,29,18,-20
1212,579.0,2949.2435233160622,2664.6131260794473,1212,intact,29,19,-19
1213,511.0,2949.545988258317,2718.2681017612526,1213,intact,29,20,-18
1214,456.0,2949.5241228070176,2774.089912280702,1214,intact,29,21,-17
1215,442.0,2950.316742081448,2825.0633484162895,1215,intact,29,22,-16
1221,563.0,2951.190053285968,2892.8543516873888,1221,intact,29,23,-15
1219,292.0,2952.5616438356165,2943.6575342465753,1219,intact,29,24,-14
1216,389.0,2952.2519280205656,3004.6401028277637,1216,spoilt,29,31,-14
1216,471.0,2952.6381591322343,3019.5334660480285,1216_1220,combined,29,25,-13
1220,82.0,2953.0243902439024,3034.4268292682927,1220,spoilt,29,32,-13
1224,231.0,2954.4545454545455,3070.5714285714284,1224,intact,29,26,-12
1217,516.0,2951.9108527131784,3121.9244186046512,1217,intact,29,27,-11
1226,357.0,2955.1960784313724,3177.5966386554624,1226,intact,29,28,-10
1222,532.0,2954.1466165413535,3237.125939849624,1222,intact,29,29,-9
1223,307.0,2954.609120521173,3295.403908794788,1223,intact,29,30,-8
1218,553.0,2953.2911392405063,3351.996383363472,1218,intact,29,31,-7
1228,233.0,2956.1802575107295,3408.321888412017,1228,intact,29,32,-6
1225,473.0,2955.6279069767443,3458.4503171247356,1225,intact,29,33,-5
1229,389.0,2956.7917737789203,3505.701799485861,1229,intact,29,34,-4
1227,448.0,2957.589285714286,3560.9397321428573,1227,intact,29,35,-3
1230,417.0,2957.7697841726617,3613.1606714628297,1230,intact,29,36,-2
1231,321.0,2956.105919003115,3665.92523364486,1231,intact,29,37,-1
1236,572.0,2991.1206293706296,1653.36013986014,1236,intact,30,1,-37
1242,236.0,2992.8813559322034,1691.0211864406779,1242,intact,30,2,-36
1239,534.0,2992.3988764044943,1759.7209737827716,1239,intact,30,3,-35
1240,402.0,2993.273631840796,1807.8731343283582,1240,intact,30,4,-34
1238,473.0,2992.3636363636365,1864.338266384778,1238,intact,30,5,-33
1241,319.0,2993.3699059561127,1921.1222570532916,1241,intact,30,6,-32
1243,546.0,2994.5164835164837,1985.6245421245421,1243,intact,30,7,-31
1244,268.0,2995.1194029850744,2031.686567164179,1244,intact,30,8,-30
1247,626.0,2995.1198083067093,2100.20607028754,1247,intact,30,9,-29
1245,291.0,2996.0240549828177,2146.7079037800686,1245,intact,30,10,-28
1246,413.0,2995.9830508474574,2208.9370460048426,1246,intact,30,11,-27
1248,453.0,2997.147902869757,2256.1832229580573,1248,intact,30,12,-26
1253,435.0,2997.0275862068966,2316.4666666666667,1253,intact,30,13,-25
1249,472.0,2997.2478813559323,2365.362288135593,1249,intact,30,14,-24
1250,613.0,2996.995106035889,2438.373572593801,1250,intact,30,15,-23
1255,326.0,2998.8496932515336,2482.7269938650306,1255,intact,30,16,-22
1251,505.0,2997.0772277227725,2551.837623762376,1251,intact,30,17,-21
1256,316.0,3000.6487341772154,2596.0822784810125,1256,intact,30,18,-20
1257,527.0,2999.187855787476,2660.9601518026566,1257,intact,30,19,-19
1258,557.0,3000.2675044883304,2712.380610412926,1258,intact,30,20,-18
1252,495.0,2999.523232323232,2773.121212121212,1252,intact,30,21,-17
1260,468.0,3001.7735042735044,2825.480769230769,1260,intact,30,22,-16
1254,517.0,3000.941972920696,2895.375241779497,1254,intact,30,23,-15
1261,275.0,3002.0545454545454,2945.4945454545455,1261,intact,30,24,-14
1259,522.0,3002.155172413793,3008.5210727969347,1259,intact,30,25,-13
1263,256.0,3003.0703125,3078.98046875,1263,intact,30,26,-12
1262,360.0,3002.7638888888887,3118.0916666666667,1262,intact,30,27,-11
1265,313.0,3005.44089456869,3174.527156549521,1265,intact,30,28,-10
1266,526.0,3005.480988593156,3237.93536121673,1266,intact,30,29,-9
1267,309.0,3006.6763754045305,3292.071197411003,1267,intact,30,30,-8
1264,472.0,3005.7521186440677,3350.383474576271,1264,intact,30,31,-7
1270,349.0,3008.1461318051574,3403.9541547277936,1270,intact,30,32,-6
1268,553.0,3008.8499095840866,3456.003616636528,1268,intact,30,33,-5
1271,414.0,3008.350241545894,3505.123188405797,1271,intact,30,34,-4
1273,442.0,3009.185520361991,3561.029411764706,1273,intact,30,35,-3
1272,451.0,3010.490022172949,3611.8337028824835,1272,intact,30,36,-2
1269,345.0,3007.7478260869566,3667.904347826087,1269,intact,30,37,-1
1279,566.0,3051.8356890459363,1648.0865724381626,1279,intact,31,1,-37
1280,290.0,3053.2758620689656,1692.193103448276,1280,intact,31,2,-36
1282,595.0,3053.8386554621848,1760.4319327731093,1282,intact,31,3,-35
1284,377.0,3056.297082228117,1813.289124668435,1284,intact,31,4,-34
1285,628.0,3054.062101910828,1866.5063694267517,1285,intact,31,5,-33
1290,352.0,3056.5397727272725,1919.3068181818182,1290,intact,31,6,-32
1281,492.0,3053.3028455284552,1983.0386178861788,1281,intact,31,7,-31
1293,284.0,3057.3345070422533,2032.2711267605634,1293,intact,31,8,-30
1291,663.0,3057.1251885369534,2095.4419306184013,1291,intact,31,9,-29
1288,229.0,3057.6899563318775,2149.598253275109,1288,intact,31,10,-28
1292,504.0,3056.8015873015875,2204.684523809524,1292,intact,31,11,-27
1283,316.0,3057.215189873418,2258.6392405063293,1283,intact,31,12,-26
1286,382.0,3056.9659685863876,2317.3717277486912,1286,intact,31,13,-25
1289,459.0,3058.488017429194,2366.653594771242,1289,intact,31,14,-24
1287,532.0,3057.8289473684213,2439.374060150376,1287,intact,31,15,-23
1294,269.0,3059.0,2483.171003717472,1294,intact,31,16,-22
1295,244.0,3058.848360655738,2541.3237704918033,1295,intact,31,17,-21
1296,259.0,3063.054054054054,2563.864864864865,1296,intact,31,18,-20
1298,533.0,3064.6848030018764,2661.939962476548,1298,intact,31,19,-19
1297,536.0,3065.2033582089553,2713.082089552239,1297,intact,31,20,-18
1299,474.0,3065.4704641350213,2773.2742616033756,1299,intact,31,21,-17
1300,461.0,3066.522776572668,2824.5140997830804,1300,intact,31,22,-16
1301,599.0,3066.313856427379,2892.661101836394,1301,intact,31,23,-15
1303,240.0,3067.6041666666665,2945.2833333333333,1303,intact,31,24,-14
1304,350.0,3068.977142857143,2998.7342857142858,1304,spoilt,31,30,-14
1304,589.0,3067.890245068739,3013.5805319784818,1304_1302,combined,31,25,-13
1302,239.0,3066.803347280335,3028.4267782426778,1302,spoilt,31,31,-13
1305,296.0,3070.175675675676,3081.9560810810813,1305,intact,31,26,-12
1306,401.0,3070.004987531172,3119.067331670823,1306,intact,31,27,-11
1308,401.0,3070.2319201995015,3178.266832917706,1308,intact,31,28,-10
1307,442.0,3071.2036199095023,3238.970588235294,1307,intact,31,29,-9
1314,341.0,3072.1026392961876,3288.6451612903224,1314,intact,31,30,-8
1309,515.0,3071.9961165048544,3352.18640776699,1309,intact,31,31,-7
1315,287.0,3072.8257839721255,3405.6062717770033,1315,intact,31,32,-6
1316,545.0,3072.484403669725,3459.132110091743,1316,intact,31,33,-5
1312,478.0,3073.023012552301,3505.9435146443516,1312,intact,31,34,-4
1313,504.0,3074.3194444444443,3559.4841269841268,1313,intact,31,35,-3
1310,538.0,3072.940520446097,3611.297397769517,1310,intact,31,36,-2
1311,383.0,3072.809399477807,3662.738903394256,1311,intact,31,37,-1
1321,675.0,3103.434074074074,1649.7185185185185,1321,intact,32,1,-37
1332,271.0,3109.1771217712176,1692.1586715867159,1332,intact,32,2,-36
1318,624.0,3104.7115384615386,1758.2852564102564,1318,intact,32,3,-35
1324,363.0,3105.6666666666665,1811.534435261708,1324,intact,32,4,-34
1325,474.0,3106.4303797468356,1863.590717299578,1325,intact,32,5,-33
1326,360.0,3107.6583333333333,1920.4055555555556,1326,intact,32,6,-32
1330,475.0,3107.593684210526,1976.48,1330,intact,32,7,-31
1329,286.0,3108.3426573426573,2030.7867132867134,1329,intact,32,8,-30
1327,617.0,3108.3338735818475,2095.7066450567263,1327,intact,32,9,-29
1333,233.0,3109.502145922747,2148.7896995708156,1333,intact,32,10,-28
1328,544.0,3109.9613970588234,2205.685661764706,1328,intact,32,11,-27
1331,415.0,3108.7614457831323,2254.7927710843373,1331,intact,32,12,-26
1337,587.0,3110.5979557069845,2316.8449744463373,1337,intact,32,13,-25
1338,484.0,3110.595041322314,2366.7252066115702,1338,intact,32,14,-24
1334,271.0,3110.372693726937,2431.9151291512917,1334,spoilt,32,20,-25
1334,580.0,3110.598968222692,2444.0400888474906,1334_1335,combined,32,15,-23
1335,309.0,3110.8252427184466,2456.1650485436894,1335,spoilt,32,21,-24
1340,220.0,3113.1181818181817,2485.4045454545453,1340,intact,32,16,-22
1339,294.0,3110.612244897959,2542.295918367347,1339,spoilt,32,23,-22
1339,565.0,3110.6825062128173,2553.775265456736,1339_1336,combined,32,17,-21
1336,271.0,3110.752767527675,2565.2546125461254,1336,spoilt,32,24,-21
1342,278.0,3114.1978417266187,2598.0863309352517,1342,intact,32,18,-20
1341,666.0,3114.285285285285,2661.5015015015015,1341,intact,32,19,-19
1343,487.0,3113.7967145790553,2713.071868583162,1343,intact,32,20,-18
1344,478.0,3114.2928870292885,2775.0627615062763,1344,intact,32,21,-17
1347,385.0,3116.0,2820.4623376623376,1347,intact,32,22,-16
1348,635.0,3114.88031496063,2894.047244094488,1348,intact,32,23,-15
1345,296.0,3116.625,2949.939189189189,1345,intact,32,24,-14
1349,513.0,3116.5750487329433,3007.8810916179336,1349,intact,32,25,-13
1346,280.0,3116.925,3075.582142857143,1346,intact,32,26,-12
1350,465.0,3117.8215053763442,3114.9655913978495,1350,intact,32,27,-11
1354,406.0,3118.9507389162563,3178.014778325123,1354,intact,32,28,-10
1351,456.0,3119.1008771929824,3235.4122807017543,1351,intact,32,29,-9
1355,323.0,3119.4241486068113,3295.371517027864,1355,intact,32,30,-8
1352,409.0,3119.574572127139,3350.452322738386,1352,intact,32,31,-7
1356,272.0,3120.4007352941176,3403.716911764706,1356,intact,32,32,-6
1353,512.0,3120.38671875,3459.90625,1353,intact,32,33,-5
1357,405.0,3121.479012345679,3507.4395061728396,1357,intact,32,34,-4
1358,558.0,3121.826164874552,3559.6541218637994,1358,intact,32,35,-3
1359,540.0,3122.5574074074075,3610.0037037037036,1359,intact,32,36,-2
1360,339.0,3122.9970501474927,3663.1150442477874,1360,intact,32,37,-1
1363,588.0,3161.5850340136053,1645.6683673469388,1363,intact,33,1,-37
1369,244.0,3164.3606557377047,1689.266393442623,1369,intact,33,2,-36
1374,536.0,3164.4141791044776,1758.6791044776119,1374,intact,33,3,-35
1366,365.0,3163.627397260274,1812.282191780822,1366,intact,33,4,-34
1370,517.0,3164.647969052224,1865.137330754352,1370,intact,33,5,-33
1368,367.0,3163.9128065395093,1920.1198910081744,1368,intact,33,6,-32
1375,567.0,3164.9876543209875,1980.310405643739,1375,intact,33,7,-31
1376,222.0,3166.3963963963965,2030.9504504504505,1376,intact,33,8,-30
1383,367.0,3167.959128065395,2087.367847411444,1383,spoilt,33,14,-31
1383,495.0,3165.6475327826975,2100.832361205722,1383_1371,combined,33,9,-29
1371,128.0,3163.3359375,2114.296875,1371,spoilt,33,15,-30
1377,259.0,3166.7528957528957,2148.069498069498,1377,intact,33,10,-28
1379,561.0,3165.9714795008913,2206.053475935829,1379,intact,33,11,-27
1373,409.0,3166.6308068459657,2255.8141809290955,1373,intact,33,12,-26
1380,248.0,3168.0241935483873,2307.5120967741937,1380,spoilt,33,19,-26
1380,628.0,3166.572623089983,2318.594206281834,1380_1381,combined,33,13,-25
1381,380.0,3165.121052631579,2329.676315789474,1381,spoilt,33,20,-25
1372,409.0,3167.4327628361857,2366.0244498777506,1372,intact,33,14,-24
1378,551.0,3166.7949183303085,2439.2813067150637,1378,intact,33,15,-23
1382,326.0,3168.530674846626,2483.840490797546,1382,intact,33,16,-22
1384,588.0,3168.5544217687075,2550.3656462585036,1384,intact,33,17,-21
1386,345.0,3172.5884057971016,2597.2521739130434,1386,intact,33,18,-20
1385,616.0,3171.6233766233768,2663.6720779220777,1385,intact,33,19,-19
1387,523.0,3172.770554493308,2713.8432122370937,1387,intact,33,20,-18
1388,509.0,3172.2514734774068,2775.4223968565816,1388,intact,33,21,-17
1389,563.0,3174.4902309058616,2822.909413854352,1389,intact,33,22,-16
1390,645.0,3175.288372093023,2895.4201550387597,1390,intact,33,23,-15
1391,212.0,3175.183962264151,2950.3915094339623,1391,intact,33,24,-14
1392,607.0,3176.4266886326195,3006.494233937397,1392,intact,33,25,-13
1393,241.0,3176.244813278008,3076.8879668049794,1393,intact,33,26,-12
1395,361.0,3178.168975069252,3115.462603878116,1395,intact,33,27,-11
1394,442.0,3177.260180995475,3174.348416289593,1394,intact,33,28,-10
1397,343.0,3179.9795918367345,3237.265306122449,1397,intact,33,29,-9
1404,392.0,3179.9923469387754,3289.8061224489797,1404,intact,33,30,-8
1400,436.0,3179.7362385321103,3351.626146788991,1400,intact,33,31,-7
1402,295.0,3180.5966101694917,3401.3525423728815,1402,intact,33,32,-6
1398,330.0,3179.7363636363634,3454.857575757576,1398,intact,33,33,-5
1399,324.0,3180.2623456790125,3505.5185185185187,1399,intact,33,34,-4
1401,556.0,3181.136690647482,3559.3075539568345,1401,intact,33,35,-3
1403,482.0,3181.761410788382,3608.2510373443984,1403,intact,33,36,-2
1396,496.0,3181.0423387096776,3662.6592741935483,1396,intact,33,37,-1
1410,626.0,3219.3785942492013,1648.5415335463258,1410,intact,34,1,-37
1418,275.0,3221.6545454545453,1689.5236363636363,1418,intact,34,2,-36
1406,520.0,3219.778846153846,1756.076923076923,1406,intact,34,3,-35
1413,405.0,3220.2395061728394,1810.414814814815,1413,intact,34,4,-34
1411,583.0,3219.509433962264,1861.6277873070326,1411,intact,34,5,-33
1414,412.0,3221.28640776699,1918.264563106796,1414,intact,34,6,-32
1412,654.0,3220.5045871559632,1979.5902140672783,1412,intact,34,7,-31
1415,227.0,3221.7797356828196,2033.308370044053,1415,intact,34,8,-30
1416,548.0,3221.9671532846714,2090.883211678832,1416,intact,34,9,-29
1419,237.0,3222.9662447257383,2144.8481012658226,1419,intact,34,10,-28
1417,661.0,3221.7019667170953,2202.8986384266263,1417,intact,34,11,-27
1424,408.0,3224.3161764705883,2257.2720588235293,1424,intact,34,12,-26
1420,581.0,3222.944922547332,2317.0963855421687,1420,intact,34,13,-25
1421,367.0,3223.863760217984,2365.2397820163487,1421,intact,34,14,-24
1422,319.0,3225.347962382445,2430.4639498432603,1422,spoilt,34,19,-25
1422,657.0,3224.6044545640034,2441.5603772884942,1422_1423,combined,34,15,-23
1423,338.0,3223.860946745562,2452.6568047337278,1423,spoilt,34,20,-24
1426,187.0,3225.2834224598932,2483.4598930481284,1426,intact,34,16,-22
1427,389.0,3227.0591259640105,2539.850899742931,1427,spoilt,34,22,-22
1427,679.0,3226.1623216026946,2553.411656768017,1427_1425,combined,34,17,-21
1425,290.0,3225.2655172413793,2566.9724137931034,1425,spoilt,34,23,-21
1428,248.0,3228.2862903225805,2598.2701612903224,1428,intact,34,18,-20
1432,548.0,3228.7408759124087,2661.9069343065694,1432,intact,34,19,-19
1429,647.0,3229.0,2712.68315301391,1429,intact,34,20,-18
1430,619.0,3228.5169628432955,2773.327948303716,1430,intact,34,21,-17
1431,423.0,3229.8132387706855,2820.028368794326,1431,intact,34,22,-16
1433,596.0,3230.0889261744965,2895.5889261744965,1433,intact,34,23,-15
1435,283.0,3231.537102473498,2949.4734982332157,1435,intact,34,24,-14
1437,572.0,3231.86013986014,3004.171328671329,1437,intact,34,25,-13
1440,333.0,3233.5495495495497,3075.6636636636636,1440,intact,34,26,-12
1434,395.0,3231.9493670886077,3115.2632911392407,1434,intact,34,27,-11
1438,428.0,3233.5233644859813,3175.5794392523367,1438,intact,34,28,-10
1436,422.0,3233.96682464455,3238.436018957346,1436,intact,34,29,-9
1441,341.0,3234.8475073313784,3289.0615835777126,1441,intact,34,30,-8
1439,486.0,3234.5864197530864,3352.3395061728397,1439,intact,34,31,-7
1442,320.0,3235.01875,3400.725,1442,intact,34,32,-6
1444,538.0,3236.3085501858736,3458.938661710037,1444,intact,34,33,-5
1446,398.0,3236.756281407035,3506.8768844221104,1446,intact,34,34,-4
1443,515.0,3236.801941747573,3558.607766990291,1443,intact,34,35,-3
1447,503.0,3238.168986083499,3607.5685884691848,1447,intact,34,36,-2
1445,405.0,3236.0024691358026,3662.8543209876543,1445,intact,34,37,-1
1453,664.0,3275.269578313253,1645.2725903614457,1453,intact,35,1,-37
1454,225.0,3276.8444444444444,1690.1777777777777,1454,intact,35,2,-36
1455,519.0,3276.150289017341,1753.1522157996146,1455,intact,35,3,-35
1456,299.0,3276.969899665552,1809.7190635451504,1456,intact,35,4,-34
1457,501.0,3277.359281437126,1862.9500998003991,1457,intact,35,5,-33
1461,295.0,3278.179661016949,1917.335593220339,1461,intact,35,6,-32
1458,443.0,3276.905191873589,1978.7765237020317,1458,intact,35,7,-31
1462,299.0,3279.1939799331103,2031.9197324414715,1462,intact,35,8,-30
1459,583.0,3278.2898799313894,2092.9348198970843,1459,intact,35,9,-29
1463,317.0,3279.6119873817033,2145.198738170347,1463,intact,35,10,-28
1464,376.0,3279.441489361702,2196.8590425531916,1464,spoilt,35,16,-29
1464,575.0,3279.7006441783387,2209.743591628355,1464_1465,combined,35,11,-27
1465,199.0,3279.959798994975,2222.6281407035176,1465,spoilt,35,17,-28
1466,362.0,3279.9475138121547,2257.060773480663,1466,intact,35,12,-26
1460,491.0,3279.295315682281,2317.537678207739,1460,intact,35,13,-25
1467,392.0,3280.543367346939,2363.2321428571427,1467,intact,35,14,-24
1469,694.0,3280.64265129683,2440.4668587896253,1469,intact,35,15,-23
1470,264.0,3282.181818181818,2484.287878787879,1470,intact,35,16,-22
1468,665.0,3281.5263157894738,2549.1353383458645,1468,intact,35,17,-21
1471,237.0,3286.15611814346,2598.0,1471,intact,35,18,-20
1472,632.0,3285.5332278481014,2660.493670886076,1472,intact,35,19,-19
1473,393.0,3287.155216284987,2707.3613231552163,1473,intact,35,20,-18
1475,379.0,3287.6253298153033,2772.065963060686,1475,intact,35,21,-17
1476,453.0,3287.6754966887415,2821.337748344371,1476,intact,35,22,-16
1474,687.0,3286.8951965065503,2893.6768558951967,1474,intact,35,23,-15
1479,328.0,3289.807926829268,2948.856707317073,1479,intact,35,24,-14
1477,465.0,3289.174193548387,2998.159139784946,1477,spoilt,35,31,-14
1477,618.0,3288.9563778199454,3013.566497997048,1477_1478,combined,35,25,-13
1478,153.0,3288.7385620915034,3028.97385620915,1478,spoilt,35,32,-13
1480,309.0,3289.5404530744336,3079.443365695793,1480,intact,35,26,-12
1481,401.0,3289.0922693266834,3117.3291770573564,1481,intact,35,27,-11
1484,428.0,3292.0841121495328,3178.28738317757,1484,intact,35,28,-10
1485,440.0,3292.4795454545456,3240.6295454545457,1485,intact,35,29,-9
1486,408.0,3292.7279411764707,3289.014705882353,1486,intact,35,30,-8
1487,465.0,3292.374193548387,3351.6666666666665,1487,intact,35,31,-7
1489,270.0,3294.0555555555557,3402.9703703703703,1489,intact,35,32,-6
1483,413.0,3292.169491525424,3457.0145278450364,1483,intact,35,33,-5
1482,474.0,3293.8713080168777,3505.6729957805906,1482,intact,35,34,-4
1490,641.0,3294.86271450858,3558.1622464898596,1490,intact,35,35,-3
1488,490.0,3293.3571428571427,3608.781632653061,1488,intact,35,36,-2
1491,425.0,3295.24,3663.8658823529413,1491,intact,35,37,-1
1503,647.0,3330.0401854714064,1644.2642967542504,1503,intact,36,1,-37
1504,337.0,3331.646884272997,1690.154302670623,1504,intact,36,2,-36
1494,695.0,3329.6,1758.2546762589927,1494,intact,36,3,-35
1500,420.0,3331.366666666667,1812.5404761904763,1500,intact,36,4,-34
1505,529.0,3331.6030245746692,1859.1153119092628,1505,intact,36,5,-33
1496,397.0,3331.3929471032748,1918.5692695214107,1496,intact,36,6,-32
1501,397.0,3331.125944584383,1973.0528967254409,1501,intact,36,7,-31
1507,295.0,3333.494915254237,2030.5593220338983,1507,intact,36,8,-30
1497,584.0,3332.0188356164385,2092.1438356164385,1497,intact,36,9,-29
1506,358.0,3333.832402234637,2145.195530726257,1506,intact,36,10,-28
1508,630.0,3334.2126984126985,2202.6349206349205,1508,intact,36,11,-27
1509,466.0,3333.8304721030045,2255.9463519313304,1509,intact,36,12,-26
1511,535.0,3333.9644859813084,2317.2747663551404,1511,intact,36,13,-25
1510,419.0,3334.436754176611,2362.9546539379476,1510,intact,36,14,-24
1513,268.0,3337.0298507462685,2425.0149253731342,1513,spoilt,36,21,-26
1513,657.0,3336.838832828147,2437.1784138433795,1513_1514,combined,36,15,-23
1514,389.0,3336.6478149100258,2449.341902313625,1514,spoilt,36,22,-25
1517,275.0,3338.181818181818,2485.0436363636363,1517,intact,36,16,-22
1512,628.0,3336.044585987261,2549.547770700637,1512,intact,36,17,-21
1518,381.0,3339.0498687664044,2595.5853018372704,1518,intact,36,18,-20
1521,579.0,3339.328151986183,2659.286701208981,1521,intact,36,19,-19
1515,558.0,3340.05376344086,2710.716845878136,1515,intact,36,20,-18
1519,516.0,3340.7461240310076,2771.3372093023254,1519,intact,36,21,-17
1525,300.0,3342.32,2821.0466666666666,1525,intact,36,22,-16
1522,314.0,3341.980891719745,2883.0254777070063,1522,spoilt,36,30,-17
1522,674.0,3340.4307236376503,2895.4599610757255,1522_1516,combined,36,23,-15
1516,360.0,3338.8805555555555,2907.8944444444446,1516,spoilt,36,31,-16
1526,381.0,3341.540682414698,2950.2047244094488,1526,intact,36,24,-14
1527,538.0,3342.485130111524,2997.5557620817845,1527,spoilt,36,33,-14
1527,765.0,3341.196309549154,3010.782286327236,1527_1520,combined,36,25,-13
1520,227.0,3339.9074889867843,3024.0088105726873,1520,spoilt,36,34,-13
1529,303.0,3342.973597359736,3077.019801980198,1529,intact,36,26,-12
1523,469.0,3342.6481876332623,3116.181236673774,1523,intact,36,27,-11
1524,414.0,3343.367149758454,3177.1256038647343,1524,intact,36,28,-10
1528,568.0,3343.586267605634,3236.9524647887324,1528,intact,36,29,-9
1533,393.0,3344.821882951654,3292.142493638677,1533,intact,36,30,-8
1530,518.0,3345.289575289575,3351.110038610039,1530,intact,36,31,-7
1534,345.0,3345.4115942028984,3401.8608695652174,1534,intact,36,32,-6
1535,449.0,3346.6124721603564,3455.476614699332,1535,intact,36,33,-5
1537,327.0,3346.9908256880735,3502.7461773700306,1537,intact,36,34,-4
1531,528.0,3346.2708333333335,3561.0492424242425,1531,intact,36,35,-3
1536,613.0,3346.8694942903753,3609.8597063621532,1536,intact,36,36,-2
1532,392.0,3345.137755102041,3664.043367346939,1532,intact,36,37,-1
1542,647.0,3387.80370942813,1641.3353941267387,1542,intact,37,1,-37
1545,254.0,3388.9921259842517,1687.1929133858268,1545,intact,37,2,-36
1544,675.0,3388.739259259259,1754.96,1544,intact,37,3,-35
1546,411.0,3391.131386861314,1814.3722627737227,1546,intact,37,4,-34
1550,604.0,3390.2831125827815,1860.091059602649,1550,intact,37,5,-33
1547,384.0,3391.9114583333335,1918.3854166666667,1547,intact,37,6,-32
1551,518.0,3391.4362934362935,1978.069498069498,1551,intact,37,7,-31
1548,373.0,3392.485254691689,2027.9034852546918,1548,intact,37,8,-30
1558,667.0,3392.856071964018,2093.3778110944527,1558,intact,37,9,-29
1549,367.0,3392.6076294277927,2145.283378746594,1549,intact,37,10,-28
1554,641.0,3392.544461778471,2204.597503900156,1554,intact,37,11,-27
1552,483.0,3392.96066252588,2255.48033126294,1552,intact,37,12,-26
1557,422.0,3393.6729857819905,2311.46682464455,1557,intact,37,13,-25
1553,400.0,3395.165,2362.45,1553,intact,37,14,-24
1559,687.0,3394.467248908297,2436.429403202329,1559,intact,37,15,-23
1555,300.0,3394.6066666666666,2480.2966666666666,1555,intact,37,16,-22
1556,689.0,3394.7910014513786,2553.3933236574744,1556,intact,37,17,-21
1565,302.0,3401.0,2593.8344370860927,1565,intact,37,18,-20
1566,680.0,3399.3514705882353,2657.4426470588237,1566,intact,37,19,-19
1561,680.0,3400.2264705882353,2712.644117647059,1561,intact,37,20,-18
1560,628.0,3399.7133757961783,2769.5334394904457,1560,intact,37,21,-17
1562,486.0,3400.796296296296,2821.8395061728397,1562,intact,37,22,-16
1563,671.0,3401.2339791356185,2890.624441132638,1563,intact,37,23,-15
1569,328.0,3403.121951219512,2948.5365853658536,1569,intact,37,24,-14
1564,825.0,3401.830303030303,3003.3054545454547,1564,intact,37,25,-13
1568,345.0,3404.1275362318843,3070.744927536232,1568,intact,37,26,-12
1567,494.0,3402.8502024291497,3115.1477732793524,1567,intact,37,27,-11
1573,468.0,3405.6111111111113,3176.446581196581,1573,intact,37,28,-10
1570,558.0,3404.5734767025087,3232.3566308243726,1570,intact,37,29,-9
1571,418.0,3405.846889952153,3290.5215311004786,1571,intact,37,30,-8
1574,526.0,3406.78897338403,3349.885931558935,1574,intact,37,31,-7
1572,353.0,3407.7308781869688,3400.798866855524,1572,intact,37,32,-6
1576,502.0,3407.906374501992,3455.4521912350597,1576,intact,37,33,-5
1579,331.0,3410.915407854985,3499.918429003021,1579,intact,37,34,-4
1577,468.0,3410.0363247863247,3556.551282051282,1577,intact,37,35,-3
1578,572.0,3408.6993006993007,3610.2465034965035,1578,intact,37,36,-2
1575,477.0,3407.6792452830186,3662.2976939203354,1575,intact,37,37,-1
1587,398.0,3442.2713567839196,1635.894472361809,1587,spoilt,38,6,-38
1587,645.0,3441.532439525563,1648.6658596626858,1587_1582,combined,38,1,-37
1582,247.0,3440.7935222672063,1661.4372469635628,1582,spoilt,38,7,-37
1585,349.0,3443.3409742120343,1689.4011461318053,1585,intact,38,2,-36
1588,749.0,3441.2309746328438,1758.0333778371162,1588,intact,38,3,-35
1589,375.0,3444.2053333333333,1815.904,1589,intact,38,4,-34
1592,602.0,3442.770764119601,1862.9352159468438,1592,intact,38,5,-33
1590,439.0,3443.651480637813,1919.7744874715263,1590,intact,38,6,-32
1596,544.0,3444.7463235294117,1977.9558823529412,1596,intact,38,7,-31
1593,362.0,3446.1657458563536,2028.7651933701657,1593,intact,38,8,-30
1594,638.0,3444.9137931034484,2090.5689655172414,1594,intact,38,9,-29
1591,358.0,3443.6284916201116,2144.5,1591,intact,38,10,-28
1595,711.0,3446.1504922644162,2203.0604781997185,1595,intact,38,11,-27
1597,482.0,3446.0124481327803,2254.713692946058,1597,intact,38,12,-26
1598,661.0,3446.8956127080182,2317.004538577912,1598,intact,38,13,-25
1599,361.0,3448.775623268698,2363.3019390581717,1599,intact,38,14,-24
1600,678.0,3447.758112094395,2438.5766961651916,1600,intact,38,15,-23
1602,252.0,3449.4246031746034,2481.4246031746034,1602,intact,38,16,-22
1601,635.0,3449.9496062992125,2551.420472440945,1601,intact,38,17,-21
1603,347.0,3449.622478386167,2596.1527377521616,1603,intact,38,18,-20
1604,691.0,3450.481910274964,2658.507959479016,1604,intact,38,19,-19
1605,489.0,3451.8445807770963,2712.321063394683,1605,intact,38,20,-18
1607,687.0,3451.6826783114993,2774.4745269286755,1607,intact,38,21,-17
1612,474.0,3453.052742616034,2820.116033755274,1612,intact,38,22,-16
1609,675.0,3452.3318518518518,2890.648888888889,1609,intact,38,23,-15
1614,348.0,3455.2413793103447,2946.7787356321837,1614,intact,38,24,-14
1610,838.0,3453.4904534606203,3004.9630071599045,1610,intact,38,25,-13
1611,346.0,3454.124277456647,3073.9450867052024,1611,intact,38,26,-12
1615,538.0,3454.853159851301,3115.7063197026023,1615,intact,38,27,-11
1608,568.0,3455.021126760563,3172.7024647887324,1608,intact,38,28,-10
1606,501.0,3455.4031936127744,3236.6127744510977,1606,intact,38,29,-9
1620,452.0,3456.7942477876104,3291.7632743362833,1620,intact,38,30,-8
1613,559.0,3457.3899821109126,3350.252236135957,1613,intact,38,31,-7
1616,397.0,3456.667506297229,3398.8438287153654,1616,intact,38,32,-6
1617,751.0,3457.4181091877495,3455.2157123834886,1617,intact,38,33,-5
1618,384.0,3460.1380208333335,3500.2135416666665,1618,intact,38,34,-4
1622,404.0,3459.5866336633662,3559.4851485148515,1622,intact,38,35,-3
1619,501.0,3458.802395209581,3608.2115768463073,1619,intact,38,36,-2
1621,307.0,3459.4625407166122,3658.758957654723,1621,intact,38,37,-1
1624,695.0,3501.5381294964027,1640.6575539568346,1624,intact,39,1,-37
1629,326.0,3503.340490797546,1688.993865030675,1629,intact,39,2,-36
1632,691.0,3503.7742402315484,1755.2402315484806,1632,intact,39,3,-35
1630,437.0,3503.963386727689,1814.254004576659,1630,intact,39,4,-34
1633,637.0,3505.2119309262166,1859.9026687598116,1633,intact,39,5,-33
1631,404.0,3504.220297029703,1916.0,1631,intact,39,6,-32
1634,581.0,3504.9690189328744,1978.829604130809,1634,intact,39,7,-31
1635,313.0,3504.702875399361,2028.4984025559106,1635,intact,39,8,-30
1640,795.0,3506.4440251572328,2090.2993710691826,1640,intact,39,9,-29
1636,321.0,3505.4766355140187,2143.0280373831774,1636,intact,39,10,-28
1637,700.0,3507.1385714285716,2203.075714285714,1637,intact,39,11,-27
1642,510.0,3508.0333333333333,2253.901960784314,1642,intact,39,12,-26
1638,666.0,3506.421921921922,2315.7927927927926,1638,intact,39,13,-25
1641,454.0,3509.246696035242,2360.5264317180618,1641,intact,39,14,-24
1639,722.0,3507.5775623268696,2437.1426592797784,1639,intact,39,15,-23
1644,295.0,3508.5254237288136,2480.064406779661,1644,intact,39,16,-22
1643,640.0,3509.9828125,2549.053125,1643,intact,39,17,-21
1645,387.0,3513.9509043927646,2593.498708010336,1645,intact,39,18,-20
1651,648.0,3514.3503086419755,2660.1311728395062,1651,intact,39,19,-19
1652,575.0,3516.1791304347826,2710.5408695652172,1652,intact,39,20,-18
1646,671.0,3514.93740685544,2770.4053651266768,1646,intact,39,21,-17
1647,617.0,3515.8298217179904,2820.7844408427877,1647,intact,39,22,-16
1649,783.0,3516.049808429119,2890.1277139208173,1649,intact,39,23,-15
1655,403.0,3518.803970223325,2944.049627791563,1655,intact,39,24,-14
1648,1060.0,3517.243396226415,3005.169811320755,1648,intact,39,25,-13
1653,369.0,3517.8130081300815,3074.3468834688347,1653,intact,39,26,-12
1650,474.0,3517.9767932489453,3113.4641350210973,1650,intact,39,27,-11
1656,594.0,3519.5050505050503,3174.5993265993266,1656,intact,39,28,-10
1654,552.0,3519.485507246377,3233.4945652173915,1654,intact,39,29,-9
1657,482.0,3520.180497925311,3285.0767634854774,1657,intact,39,30,-8
1658,755.0,3520.2940397350994,3351.468874172185,1658,intact,39,31,-7
1661,392.0,3520.877551020408,3401.872448979592,1661,intact,39,32,-6
1659,671.0,3520.9880774962744,3455.7377049180327,1659,intact,39,33,-5
1664,542.0,3524.260147601476,3497.9169741697415,1664,intact,39,34,-4
1662,556.0,3523.451438848921,3555.210431654676,1662,intact,39,35,-3
1660,452.0,3522.086283185841,3607.3783185840707,1660,intact,39,36,-2
1663,339.0,3522.4985250737464,3659.174041297935,1663,intact,39,37,-1
1670,736.0,3556.2160326086955,1639.1440217391305,1670,intact,40,1,-37
1672,339.0,3557.1858407079644,1685.9705014749263,1672,intact,40,2,-36
1671,771.0,3556.160830090791,1756.2996108949417,1671,intact,40,3,-35
1673,469.0,3557.407249466951,1812.277185501066,1673,intact,40,4,-34
1676,540.0,3559.125925925926,1859.7203703703703,1676,intact,40,5,-33
1677,388.0,3559.291237113402,1917.7731958762886,1677,intact,40,6,-32
1678,609.0,3558.247947454844,1975.136288998358,1678,intact,40,7,-31
1674,365.0,3558.797260273973,2029.4876712328767,1674,intact,40,8,-30
1682,794.0,3559.153652392947,2090.536523929471,1682,intact,40,9,-29
1683,379.0,3561.6174142480213,2144.485488126649,1683,intact,40,10,-28
1675,764.0,3560.107329842932,2202.2984293193717,1675,intact,40,11,-27
1679,555.0,3559.7081081081083,2256.401801801802,1679,intact,40,12,-26
1680,656.0,3561.231707317073,2316.675304878049,1680,intact,40,13,-25
1681,581.0,3562.1514629948365,2364.07917383821,1681,intact,40,14,-24
1684,739.0,3562.8768606224626,2438.5209742895804,1684,intact,40,15,-23
1686,307.0,3563.5504885993487,2481.0553745928337,1686,intact,40,16,-22
1685,706.0,3562.3994334277622,2548.603399433428,1685,intact,40,17,-21
1688,418.0,3563.8516746411483,2594.9832535885166,1688,intact,40,18,-20
1689,702.0,3564.921652421652,2658.434472934473,1689,intact,40,19,-19
1687,678.0,3564.656342182891,2712.0619469026547,1687,intact,40,20,-18
1690,601.0,3565.602329450915,2771.22462562396,1690,intact,40,21,-17
1691,663.0,3565.606334841629,2820.426847662142,1691,intact,40,22,-16
1692,462.0,3565.7380952380954,2883.6320346320344,1692,spoilt,40,28,-16
1692,826.0,3566.013278388278,2896.691017316017,1692_1693,combined,40,23,-15
1693,364.0,3566.2884615384614,2909.75,1693,spoilt,40,29,-15
1694,378.0,3566.772486772487,2947.058201058201,1694,intact,40,24,-14
1697,878.0,3568.71867881549,3004.6981776765374,1697,intact,40,25,-13
1695,409.0,3568.545232273839,3073.721271393643,1695,intact,40,26,-12
1696,543.0,3568.523020257827,3113.340699815838,1696,intact,40,27,-11
1698,579.0,3569.3471502590673,3175.452504317789,1698,intact,40,28,-10
1705,626.0,3569.632587859425,3232.972843450479,1705,intact,40,29,-9
1699,511.0,3571.113502935421,3288.794520547945,1699,intact,40,30,-8
1706,722.0,3571.601108033241,3351.4598337950138,1706,intact,40,31,-7
1701,381.0,3570.8556430446192,3397.488188976378,1701,intact,40,32,-6
1702,798.0,3571.3283208020052,3456.684210526316,1702,intact,40,33,-5
1703,581.0,3572.203098106713,3502.4165232358005,1703,intact,40,34,-4
1707,562.0,3572.3843416370105,3556.8843416370105,1707,intact,40,35,-3
1700,574.0,3573.156794425087,3606.712543554007,1700,intact,40,36,-2
1704,473.0,3571.9767441860463,3657.3044397463004,1704,intact,40,37,-1
